tree_id,x,y,height,dbh,crown_radius,base_height,crown_area,crown_volume,cluster
1,47.26210000010058,80.19939999992175,5.8,0.095,1.725,2,7.7,22.2,2
2,48.70910000002794,79.88739999953806,8.5,0.099,1.85,2.9,9,38.5,2
3,62.83410000002794,79.08139999967216,15.6,0.176,4.625,2.9,59.9,407.8,1
4,80.54710000001677,74.55339999973923,9.9,0.355,4.175,1.4,51.1,153.8,1
5,46.37210000008661,79.25539999978766,13.6,0.024,3.5250000000000004,2.5,34.2,144.4,1
6,38.0431000000596,79.99439999984726,4,0.067,1.825,1.6,9.2,15.1,2
7,33.792100000012105,77.61539999965727,9.8,0.083,3.7,4.9,36.6,129.8,1
8,56.59610000001583,80.15339999983236,3.4,0.07,0.225,1.4,0.1,0.2,2
9,45.94210000003539,79.64939999964236,3.9,0.087,1.2000000000000002,1.6,3.3,6,2
10,42.356100000025144,80.03539999958275,10.6,0.144,2.175,7,12.9,44.9,2
11,54.695100000061466,77.74639999970944,5.7,0.049,1.15,1.3,3,6.9,2
12,63.57910000002328,78.58439999969823,10.6,0.164,2.375,1.9,16.1,58.8,1
13,47.65310000004564,78.84139999991432,4.2,0.06,0.725,2,1.5,2.6,2
14,44.382100000095924,71.12239999987334,16.1,0.16,2.325,6.3,14.6,88.7,1
15,58.56510000005681,76.98339999990688,3.7,0.097,0.85,1.9,2.1,3.6,2
16,45.23310000000372,79.99739999987334,3.2,0.123,1.05,3,2.2,3.9,2
17,43.97610000002049,77.44639999989568,3.5,0.045,1.25,3.5,4.1,5.2,2
18,37.2031000000922,79.60339999955296,14.3,0.166,4.175,3.7,45.8,168.8,1
19,62.22010000008475,78.58139999967216,7.7,0.109,1.725,3.5,8.6,21,2
20,57.14210000010524,80.01939999975411,15.5,0.149,4.075,10.8,43.8,202.8,1
21,73.86610000003446,77.39339999959022,4.8,0.078,5.975,2.4,99.8,382.7,2
23,54.86310000000838,78.9433999998696,7.2,0.059,1.5,2.1,6.2,18,2
24,52.12910000006985,70.26339999970197,6.1,0.062,0.85,1.9,2.1,5.3,2
25,38.681100000095,75.60739999974295,16.8,0.156,3.225,11.9,25.2,80.8,1
26,71.61110000002981,79.31539999984354,3.8,0.173,1.45,1.5,5.5,11.2,2
27,59.01910000008382,73.84839999966472,12.5,0.113,1.95,7.1,11.6,41.9,1
28,65.18610000009966,76.65539999969452,13.3,0.217,3.15,6.4,22.2,89.4,1
30,50.37310000001769,79.65039999980628,13.7,0.283,4.175,6.5,44.2,171.6,1
31,41.03110000007171,76.09939999982863,16.9,0.205,3.475,8.6,32.2,137.5,1
32,49.11610000003446,76.80039999971316,4.6,0.062,0.6499999999999999,2,1.3,2.7,2
33,36.96110000000652,76.7223999995008,14.1,0.16,4.075,9.8,41.5,135,1
34,70.77709999999814,69.97939999971688,14.4,0.139,3.3,8.1,29.1,124.1,1
35,49.18910000000931,75.23439999960512,2.3,0.048,0.625,2.3,0.9,1.2,2
36,47.87210000008661,77.59639999980256,16.1,0.163,2.5250000000000004,11.8,16.6,66.8,1
37,43.90110000006705,73.73939999949336,3.1,0.056,0.725,1,1.5,2,2
38,47.61810000001304,76.16139999974668,10.5,0.077,0.975,2.9,2.9,9.8,2
39,35.025100000019556,77.79939999954924,13.6,0.101,3.925,4.4,41.7,196,1
40,55.43310000007357,77.21439999958648,16.8,0.152,3.75,6.9,33.8,135.3,1
41,46.540100000033526,75.10639999957904,2.6,0.058,0.85,2.6,2,3.2,2
42,46.91010000002887,74.34839999966472,7.4,0.088,1.2000000000000002,2.5,3.4,6.5,2
43,44.76710000010524,75.55739999946356,11.3,0.09,1.25,3.3,4.3,16,2
44,57.26310000003166,70.16039999958276,6.6,0.072,1.15,2.2,3.8,13,2
45,68.84809999999442,74.7373999996312,6.4,0.168,3.575,3,34.8,113.8,2
46,40.93510000005216,76.78039999969452,11.7,0.103,1.675,3.8,7.7,17.8,2
47,48.826099999997204,73.62839999992549,17.4,0.16,2.5,7,17.7,83.6,1
48,55.21710000005867,74.04339999949708,3.3,0.043,0.7,1.9,1.3,1.6,2
49,53.03410000009779,76.38739999953806,6.4,0.052,1.6,2.5,7.1,26.2,2
50,66.40510000002422,76.48139999957904,18.3,0.319,6.074999999999999,7.9,94,727.1,1
52,53.009100000074504,74.00639999948591,14.2,0.118,1.925,5.6,12.1,41.4,1
54,65.6461000000624,69.50739999964982,5.2,0.096,1.775,2.3,9.3,21.5,2
55,50.79610000008568,73.4993999997355,6.7,0.058,1.2,1.9,3.9,8,2
56,55.070100000061466,75.94039999984354,4.7,0.049,0.875,2.2,2.6,6,2
57,57.08610000000652,71.63939999986589,4,0.04,0.875,2.1,2.2,5.3,2
58,45.18610000009965,73.76439999986589,15.3,0.134,1.3,7.5,5,11.6,1
59,49.02410000008848,75.79739999968707,4.9,0.054,0.825,2,1.9,3.9,2
60,46.22410000004191,76.294399999661,16.6,0.173,2.875,9.5,22.1,98.5,1
61,46.83610000000652,72.83439999969825,9,0.085,1,2.3,2.8,9.6,2
62,45.31110000009965,73.044399999661,7.8,0.071,0.65,1.4,0.9,1.4,2
63,57.88710000010058,74.67639999987708,6.5,0.058,1.225,3.6,4.4,7.2,2
64,47.00810000002701,69.38339999981373,7.1,0.073,0.825,3.9,1.9,4.1,2
65,47.27910000009313,73.55239999957531,7,0.074,0.975,1.8,2.4,7,2
66,47.40810000005029,74.08139999967217,6.1,0.083,0.7,2,1.3,2.6,2
67,53.17010000003818,71.16039999958276,3.8,0.058,0.7,2,1.4,3.1,2
68,48.19609999999255,73.2153999997504,2.6,0.044,0.6000000000000001,2.6,1,1.2,2
69,56.25610000004843,74.56439999967962,8.7,0.121,1.7000000000000002,1.5,7.2,20.6,2
70,44.091100000011174,74.22139999980256,16,0.171,2.575,8.6,16.6,68,1
71,48.79110000008103,71.76239999953806,7.8,0.064,0.875,1.8,2,6.2,2
72,57.53310000005029,72.83239999983608,7.6,0.12,2.2750000000000004,4.5,10.7,17,2
73,49.54110000008103,74.03039999969452,17.6,0.119,2.325,6.3,12.5,43.3,1
74,55.46510000008009,67.74539999954551,5.4,0.044,1.175,2.2,3.5,8.7,2
75,55.18910000000931,72.90039999980628,13,0.104,1.9,5.1,10.2,35.7,1
76,52.99810000001769,73.52439999964237,6.6,0.085,0.925,3.6,2.5,6.8,2
77,59.67610000009034,70.14139999972805,6.4,0.048,1.575,1.8,6.3,13.6,2
78,53.289100000102444,72.10939999960512,2.8,0.051,0.625,1.9,1.2,1.5,2
79,46.384100000074504,73.82339999975785,7.8,0.074,0.525,3,0.7,1.6,2
80,52.5431000000596,74.11739999951944,3.1,0.044,0.525,1.6,0.7,1.1,2
81,36.22410000004191,71.26539999956414,12.6,0.087,1.975,3.8,10,25.1,1
82,37.5321000000028,72.39339999959022,13.5,0.173,2.7,5.8,20.6,101.4,1
84,74.89410000008382,67.39339999959022,4,0.131,1.4500000000000002,1.1,5.3,11,2
86,34.21810000010617,72.44439999956786,14.8,0.156,5.324999999999999,8.9,69.6,393.9,1
87,72.08210000004937,70.10039999952689,13.8,0.153,3.025,6.4,25.1,144.8,1
88,58.54610000008568,71.57739999948218,17.2,0.185,2.575,11.5,18.1,88.7,1
89,47.566100000104306,73.10639999957904,2.5,0.054,0.625,2.5,1.1,1.6,2
90,56.32109999999255,72.65439999953061,17,0.15,3.5,10,33.3,133.3,1
91,67.88810000003167,70.98639999946728,12.8,0.12,2.6,7.3,20.5,108,1
94,30.95010000006613,66.915399999471,13.7,0.223,4.35,8,46.4,213.6,1
95,51.8281000000922,70.81139999965355,3.4,0.057,0.725,1.1,1.4,3.1,2
96,59.11310000000838,72.03839999960884,8.6,0.058,1.05,1.8,3.2,10,2
97,44.04909999999534,69.72439999982863,2.3,0.049,0.375,2.3,0.4,0.6,2
98,46.48410000005122,70.2153999997504,16.2,0.107,1.75,5.1,8.3,32.5,1
99,60.01710000010524,71.19839999975785,4.5,0.032,1.15,1.8,3.5,8.2,2
100,46.038100000054946,72.26639999972805,16.4,0.149,2.225,12.1,12.8,44.3,1
101,52.55110000009034,70.24839999957159,8.6,0.062,1.3,3.6,4.8,15.6,2
102,75.54909999999535,69.93239999946356,13,0.173,5.775,3.3,95,494.8,1
104,57.941100000104306,66.10239999985471,7.2,0.059,1.025,2.2,2.5,5.7,2
105,42.990100000103375,68.7723999997802,2.9,0.145,0.675,2.9,1,1.6,2
106,47.337100000054015,70.53139999985844,5.5,0.08,0.6,2.5,1,1.8,2
108,48.92110000008568,68.69839999975785,3.1,0.035,0.65,1.2,1,1.4,2
109,48.84809999999441,71.33039999950826,11.9,0.071,0.675,4.5,1.4,5.9,2
110,51.36410000005588,71.59639999980256,17.3,0.146,2.6,13.1,21,78.3,1
111,62.50009999999627,69.7263999996908,4.1,0.127,0.85,1.9,1.8,2.4,2
112,54.49310000001304,69.16239999991059,18.5,0.208,2.25,14.2,14.4,63.1,1
113,47.386100000053084,71.04939999954924,5.5,0.07,0.55,2.2,0.9,1.9,2
115,56.69609999999255,68.73039999988079,3.5,0.077,0.525,3.5,0.9,1.9,2
116,50.448100000087535,70.13239999964982,14.7,0.148,1.85,5,8.3,33.3,1
117,55.94010000005681,68.69739999959394,5.2,0.046,0.8999999999999999,2.4,2.5,6,2
118,60.979100000046564,67.5783999996461,5.2,0.088,1.225,2.4,4.3,8,2
119,46.49810000001769,71.08539999986216,7.8,0.223,1.025,2.1,3,10.3,2
120,61.92610000009034,71.39539999991804,16,0.189,4.15,10.8,46.5,243.1,1
121,56.51410000007916,69.71639999991432,6.5,0.061,1.325,2.7,5.1,10.5,2
122,46.932100000026075,68.18539999948963,8.7,0.084,1.05,2.1,3,8,2
124,47.824100000018625,65.68339999962747,4.1,0.086,0.7250000000000001,1.3,1.3,1.9,2
125,45.12810000002235,67.18539999948963,6.8,0.068,1.15,2.7,3.1,6.7,2
126,44.2361000000298,69.11039999976903,5,0.051,0.9,1.6,2.6,5.9,2
128,83.77310000004098,67.294399999661,9,0.13,2.475,5.8,18.5,50.8,2
129,51.34010000008009,68.99339999968335,6.5,0.059,0.9,1.5,2.6,6.8,2
130,46.27209999999348,69.45139999978393,3.4,0.062,0.2,1.1,0.1,0.2,2
131,49.08210000004936,69.12939999962374,6.3,0.057,1.075,1.8,2.8,6.2,2
132,48.47809999999907,68.03739999991059,1.6,0.074,0.225,1.6,0.1,0.1,2
133,57.434100000004655,69.00339999992549,6.7,0.044,0.925,2,2.4,6.3,2
134,44.7941000001071,64.69639999989569,4.4,0.055,1.075,1.2,3.2,6.5,2
136,67.92110000008569,69.4313999997653,5.8,0.51,1.525,2,7.6,31.7,1
138,54.150100000019556,67.04639999952316,16.8,0.31,3.375,6.3,31,145.4,1
139,58.2361000000298,68.24539999954551,2.9,0.037,0.4,1.2,0.4,0.7,2
140,43.53410000009779,69.27739999966845,2.8,0.043,0.4,2.8,0.5,0.8,2
141,54.46910000003725,68.19839999975785,8.5,0.18,1.25,3.2,4.4,14.6,2
142,64.3171000000354,67.4653999997504,9.6,0.11,2.425,3.2,15.6,51.6,2
143,52.49110000003446,68.19039999984354,5.1,0.072,0.8,1.9,1.9,3.8,2
144,59.59310000010617,64.10439999971688,4.2,0.039,1.175,1.8,3.5,7.8,2
145,72.49110000003446,66.53039999969452,8.4,0.115,2.6500000000000004,3,17.9,62.7,2
146,53.16210000000745,68.77439999964237,2.4,0.083,0.5,1.1,0.7,1.2,2
148,58.54909999999534,65.72239999950081,6.5,0.062,0.975,2.5,2.4,7.1,2
149,61.333100000096856,65.76939999975413,8,0.124,2,4.7,12.7,28.8,2
150,51.25410000006985,68.10739999974295,17.1,0.16,2.45,4.1,18.6,79.2,1
151,46.303100000068916,66.69439999956786,11.8,0.106,1.1,2.8,3.7,14.3,2
152,41.975100000089405,66.86539999965727,3.1,0.062,1.225,1.6,3.9,5.7,2
153,36.92210000001677,66.81339999951571,13.9,0.138,2.875,4.3,22.9,137.3,1
154,81.45610000000187,63.505399999787656,13.6,0.189,5.25,4.7,61.6,237.9,1
155,57.42510000004284,65.75339999992549,14,0.124,2.05,4,12.6,55.3,1
156,47.95410000002328,67.79739999968707,4.7,0.062,1.05,2.7,2.7,3.9,2
157,43.7821000000028,64.44339999986961,12.8,0.106,2.275,6.9,12.2,44.1,1
159,46.35510000009406,65.38439999951198,15.9,0.153,2.15,11,13.2,60.2,1
160,68.03110000007172,67.20039999962002,5.8,0.139,2.175,2.4,16,58.3,2
161,55.928100000068916,65.52739999966845,5,0.036,0.925,2,2.3,3.8,2
162,84.30310000006892,66.21239999972433,3,0.107,0.575,3.1,0.9,1.7,2
163,65.57109999999255,65.8623999996312,4.4,0.085,1.825,1.2,8.8,23.8,2
164,71.03610000007637,62.20939999969825,5.1,0.092,2.475,1.1,15.8,43.5,2
165,30.807100000026075,63.84239999961257,2.4,0.04,0.25,2.4,0.2,0.2,2
166,84.30210000002143,66.79139999963492,6,0.126,0.475,2,0.6,1.4,2
167,50.8951000000149,63.7493999997355,4.1,0.056,0.6,2,1.1,2.3,2
168,56.61310000000838,62.98839999979511,4.1,0.044,0.85,1.4,1.8,3.2,2
169,53.01610000005774,65.38339999981373,7.2,0.072,1.4249999999999998,2.4,5,13.8,2
170,59.07510000006612,66.6473999997802,17,0.144,4.275,11.9,42.7,141.6,1
171,51.740100000103375,64.59539999963864,12.9,0.115,1.7999999999999998,3.4,9.4,43,1
173,83.65209999999814,65.38339999981373,10.4,0.129,1.675,1.8,7.2,15.3,2
174,47.08210000004936,61.83539999986216,10.6,0.09,1.125,5.7,3.3,9.1,2
175,35.83410000002794,63.23839999979511,10.5,0.107,2.45,4.3,16.2,56.3,2
176,59.990100000103375,65.67539999971315,4.9,0.164,0.775,2.1,1.6,3.6,2
177,64.84809999999442,61.81339999951571,6,0.121,0.85,2.3,2,3.5,2
178,65.38210000009593,62.05939999979138,17.2,0.185,3.875,10.6,42.7,182.5,1
179,30.40310000004564,64.66439999977275,13.5,0.157,4.95,6.7,70.9,375.8,1
180,47.27209999999348,66.06839999986961,7.3,0.073,1,3.4,2.5,4.8,2
181,48.54710000001677,64.33039999950826,8.1,0.067,0.95,2.2,2.7,5.9,2
182,83.47110000001585,64.39339999959022,7.3,0.11,0.6,2.6,1,2,2
183,59.82910000002328,64.89239999989196,12.5,0.176,2.7,6.5,18.8,61.1,1
184,66.32310000008755,61.27939999953061,4.5,0.116,0.55,2,1,2.4,2
185,52.56410000000931,62.53239999955669,4.4,0.049,1.1749999999999998,1.9,4,10.7,2
186,40.29710000001677,65.00539999978766,7.2,0.044,2,1.9,10.1,24.8,2
187,47.81410000000931,61.94639999989569,18.7,0.166,2,11,11,56,1
188,44.290100000033526,61.513399999701974,13.1,0.068,1.5499999999999998,4,6.4,27.3,1
189,50.63110000004843,64.16739999979883,7,0.07,1.05,2,2.8,7.5,2
190,49.09809999999441,65.68839999951571,18.9,0.221,2.4000000000000004,8.2,17.7,72.6,1
191,56.05210000002142,62.901399999504534,4,0.069,0.75,1.8,1.6,2.2,2
192,31.41610000008103,64.45739999983608,15.3,0.175,4.2,10,47.3,180.9,1
193,49.89010000001024,63.763399999701974,17.1,0.173,2.925,11.1,23.4,82.4,1
194,49.292100000012105,60.987399999631194,5.4,0.076,1.25,2.9,3.9,9.5,2
195,60.46710000005867,62.375399999899415,16,0.135,2.1,6.7,12,38.5,1
196,78.08710000005402,64.78639999974668,11.8,0.149,3.7,8.9,35.9,97.8,1
197,33.16610000008103,60.67539999971315,5.8,0.116,2.4,1.4,16.7,42.2,2
198,41.75110000004377,61.501399999597666,3.2,0.039,0.975,1.8,2.7,4.6,2
199,74.96210000005402,63.410399999582765,4.9,0.12,2,1.7,10.6,23.8,2
200,52.18910000000931,64.02439999964237,8.1,0.087,1.1,1.6,3.9,11.9,2
201,67.2701000000149,62.43339999962747,6.7,0.078,0.8500000000000001,1.7,2.1,5.7,2
202,84.57109999999257,63.186399999653545,4.3,0.163,0.2,1.8,0.1,0.1,2
203,31.56510000005681,63.315399999843535,6.1,0.096,1.275,2.5,4.3,8,2
204,58.05210000002142,60.388399999701974,5.1,0.057,1.175,1.8,3.8,6.8,2
205,45.670100000038175,60.71439999958649,9.6,0.078,0.8500000000000001,2.6,2.2,7.1,2
207,58.61810000001304,61.39539999991804,7.3,0.069,1.775,3.1,7.9,23.3,2
208,84.28910000010245,60.53239999955669,11.4,0.026,2.525,8,16.7,39.8,1
209,57.994100000060534,62.24339999968335,4.3,0.06,1.125,1.8,2.9,7.2,2
210,83.3961000000624,63.28239999955669,9.4,0.107,1.6,5.7,6.9,14.5,2
211,45.413100000054946,62.155399999694524,4.8,0.104,1.025,2.1,2.7,5.4,2
212,68.87509999999628,63.17439999954924,4.7,0.053,1.4249999999999998,2,6.7,13.6,2
214,55.10309999999907,60.393399999590216,3.6,0.035,1.15,1.2,4.3,9.8,2
216,84.30810000007357,64.46839999977648,8.3,0.201,1.0499999999999998,2.2,3.1,5,2
217,44.95910000002794,60.268399999590216,6,0.072,1.1,2.5,3.2,8.6,2
218,72.39709999999349,58.64039999956414,17.5,0.172,3.725,7.6,36.2,165.1,1
219,58.65510000002421,60.34839999966472,2.1,0.025,0.4,1.2,0.4,0.5,2
221,61.00009999999627,62.130399999787656,19.1,0.35,4,10.1,48.2,251.9,1
223,81.28810000005497,61.90939999988451,5.5,0.083,1.975,2.9,11.8,21.8,2
225,83.94510000006149,59.67839999973923,3.3,0.095,0.3249999999999999,1.8,0.3,0.3,2
226,29.7031000000922,62.474399999828634,8.3,0.095,4.65,2.7,52.5,265.2,1
227,60.53210000000279,58.98639999946728,1.8,0.024,0.2,1.7,0.1,0.1,2
229,42.056100000095,60.427399999575314,2.9,0.038,0.55,1.3,0.8,1.1,2
230,33.84809999999441,62.40039999980628,15,0.231,4.575,5.6,57.5,343.9,1
231,81.30010000004285,61.160399999582765,17.4,0.212,8.65,10.2,175.5,892.7,1
232,41.20710000004936,61.453399999646095,17.8,0.177,3.275,9.5,26.4,147.8,1
233,68.1451000000149,61.81839999986961,13.3,0.158,2.775,8.9,18.8,52.1,1
234,46.51710000010524,59.62239999987334,3.9,0.05,0.95,2,2.2,4.5,2
235,49.17610000009034,59.78739999991059,16.7,0.171,2.4,12.2,14.7,55.1,1
236,38.3281000000922,62.07739999948218,3.2,0.078,1.075,1,3.4,6.4,2
237,42.9871000000773,58.95539999950826,3.3,0.077,0.95,1.1,2.4,5.4,2
238,43.64410000008382,56.59739999950081,14.3,0.136,1.55,5.9,7.9,22.6,1
239,46.81410000000931,60.29239999979883,16.9,0.123,2.325,11,15.2,50.4,1
240,50.680100000047496,62.436399999653545,4.8,0.048,0.9,2,2.2,4.4,2
241,51.33810000010152,60.89039999956414,1.6,0.039,0.125,1.6,0,0.1,2
242,59.31310000007823,60.811399999653545,4.8,0.113,0.875,1.9,2.1,4.3,2
243,39.83610000000652,60.61839999968335,16.1,0.116,2.6,7.2,17.1,67.8,1
245,75.00110000004378,58.73839999979511,12.2,0.168,2.825,8.3,19.8,69.3,1
246,54.96910000003725,62.177399999575314,7.1,0.08,1.95,2.8,11,31.6,2
247,69.91010000002888,56.87839999992549,7.6,0.079,1.7,2.2,6.9,12.4,2
248,30.67310000006426,56.14139999972805,4.4,0.137,2.675,2.3,20,51.8,2
249,64.24410000006054,59.73439999960512,15.4,0.155,2.125,10.8,12,50.1,1
250,46.13110000004843,61.64839999947846,7.6,0.084,1.075,2.7,3,7.8,2
251,42.74610000003912,59.29339999949708,18.6,0.166,2.725,11.1,20.8,96.1,1
253,83.82310000008755,58.17239999968707,8.9,0.103,1.1749999999999998,3.8,4.4,9.2,2
254,69.24710000008662,57.130399999787656,13.9,0.108,2.1,7.2,11.6,49,1
255,58.67510000004284,58.55139999987706,6.5,0.051,1.35,2.2,5.2,11.8,2
256,50.24210000008196,61.626399999597666,12.5,0.084,1.8,2.8,9.6,27.8,1
257,76.80810000007358,57.06239999981746,12.8,0.139,1.825,5.2,8.6,14.2,1
258,48.19010000005681,55.591399999914316,11.1,0.093,2.625,3.3,16,51.6,1
259,50.837100000054015,59.29539999982491,3.7,0.051,1.025,2,2.4,4.1,2
261,66.57910000002329,58.64439999975413,16.6,0.202,2.325,3.7,14.1,57.4,1
262,76.08710000005402,59.55339999973923,9.3,0.13,2.35,6.9,11.6,24.6,2
263,31.91610000008103,57.9423999997057,13.5,0.167,2.55,4.7,19.9,77.6,1
264,34.35910000005122,56.83939999958649,4.9,0.057,1.925,1.6,9.9,19.8,2
265,24.364100000055878,55.28739999991059,8.4,0.127,10.575,5.4,259.6,1174.6,1
266,67.1801000000475,61.48839999979511,9.1,0.137,1.7999999999999998,4.1,6.3,16.1,2
267,38.58410000002794,56.92139999952316,3.8,0.062,2.875,1.5,16.7,37.5,2
268,60.32910000002328,56.07739999948218,19.2,0.019,3.175,7.6,28.7,138.1,1
269,57.23810000000838,58.41339999960884,3.5,0.045,1.0499999999999998,1.8,2.9,5.3,2
270,51.67409999999534,60.44539999973178,4.5,0.056,0.9,2.1,2.3,4,2
271,57.59910000004191,57.70239999948218,6.6,0.054,0.875,1.9,2.3,5.9,2
272,83.2801000000242,60.307399999463556,13.2,0.083,2.25,4.3,14.2,49.7,1
273,47.48510000009872,57.64839999947846,17.5,0.278,3.125,13.2,24.6,85.5,1
274,62.68110000009499,54.630399999787656,16.8,0.224,3,13.1,25.2,82.3,1
275,62.34510000008475,55.4653999997504,15.5,0.203,2.3,7.7,13.9,51.6,1
276,62.21310000010151,60.31239999981746,5.6,0.141,1.5499999999999998,2.8,6.8,16.7,2
277,58.03510000002887,56.37239999987334,15.8,0.162,1.75,5.7,9.6,50.1,1
278,66.25710000009593,51.62239999987334,16.4,0.168,2.475,8.2,16,34.8,1
279,83.07109999999257,58.31039999948963,6.7,0.091,1.65,1.2,5,8.5,2
280,49.132100000095924,60.40739999955669,4.3,0.048,0.8,2,1.7,2.4,2
281,55.212100000054015,57.35639999957904,3.5,0.118,1.275,1.7,5.2,9.1,2
282,50.0431000000596,58.13639999983981,16.5,0.187,2.95,12.5,20.1,69.1,1
283,68.74310000001304,56.6923999997057,5.1,0.055,0.8500000000000001,2.7,2,3.8,2
284,40.882100000095924,54.225399999526886,14.8,0.105,2,7.5,11,57.1,1
285,68.94010000005682,53.13339999981373,19.3,0.202,4.025,10.5,40.7,192.8,1
286,43.83610000000652,59.23139999957904,6.2,0.178,1.275,2.6,3.6,8.3,2
287,46.61310000000838,55.712399999724326,7.9,0.133,1.7000000000000002,2.5,9.5,28.9,2
288,53.915100000033526,50.91139999974668,12.9,0.108,1.925,2.8,8.6,32,1
289,43.71510000008009,56.00639999948591,12,0.075,1,1.7,2.9,7.1,2
290,68.4431000000829,60.22239999950081,17.2,0.143,3,11.4,22.6,102.1,1
291,57.89210000010524,54.492399999519435,11.1,0.174,1.4500000000000002,4.3,5.2,19.2,1
292,44.41210000000745,57.26439999986589,15.2,0.113,1.65,6.1,7.1,19.6,1
293,56.01810000003632,55.98539999976903,17.5,0.203,3.075,10.7,25,94.7,1
294,24.855100000094062,52.591399999914316,11.6,0.116,5.575,5.9,89.3,370,1
295,60.225100000089405,51.55839999962747,7.4,0.107,1.7,2.9,8,17.7,2
296,83.38610000005309,58.819399999567864,6.6,0.067,0.575,2,0.9,1.6,2
297,42.97309999999441,55.29939999954924,6,0.069,0.95,1.4,2.3,4.7,2
298,59.227100000067985,50.458399999534336,9.6,0.039,2.05,1.8,10.7,26.5,2
299,73.20410000002329,55.28739999991059,16.1,0.191,4.125,12.4,50.1,238.5,1
300,59.818100000082886,58.64639999961629,18.2,0.19,2.975,10.5,21.8,91.4,1
301,49.87509999999628,54.186399999653545,3.5,0.027,0.475,1.9,0.6,1,2
302,31.87509999999628,56.401399999504534,6.1,0.061,1.9,3.3,10.9,31.5,2
303,43.072100000040045,55.72239999950081,10.8,0.12,0.575,1.9,1,3.2,2
304,44.36810000001304,51.12339999957159,3,0.093,0.4,1.5,0.4,0.7,2
305,45.803100000068916,50.28439999988451,19.2,0.367,4.65,2.4,56.6,238.6,1
306,39.80010000004284,55.33539999986216,17.2,0.271,4.3,7.9,48.8,281.1,1
308,46.760100000005586,48.414399999772755,7.3,0.098,1.2999999999999998,1.8,5.1,14.1,2
309,43.03110000007171,53.48939999949336,5.2,0.07,1.4,2.3,5.7,15.5,2
310,46.449100000018625,58.100399999526886,18.9,0.169,2.7,12.3,19.1,61.1,1
311,70.34910000004191,54.25239999976158,19.3,0.222,3.05,10.9,24.2,100.3,1
312,68.12509999999628,54.71039999986216,18.5,0.2,3.325,12.4,29.6,92.6,1
313,69.21610000001118,54.27339999947846,10.9,0.018,1.7000000000000002,7.2,7.5,14,1
314,57.833100000096856,51.12739999976158,11.8,0.149,1.7,2.9,7.6,22.8,1
315,55.835100000075435,49.17039999982491,9,0.065,1.6,2.1,6.5,13.9,2
316,53.790100000033526,55.393399999590216,18,0.166,3,8.7,24.7,87.5,1
317,34.62710000009127,52.37239999987334,8.4,0.13,1.7000000000000002,4.2,7.7,9.6,2
318,44.930100000047496,45.4083999997206,5.7,0.081,1.35,1.5,4.2,10.1,2
319,58.79710000001676,52.669399999660996,20.4,0.325,4.175,12.7,50.6,288.9,1
320,57.0781000000922,56.932399999463556,12,0.153,1.825,4.5,8.7,19.3,1
321,59.63710000010058,52.16839999949708,7.5,0.171,0.625,1.3,0.9,2.2,2
322,45.34610000001583,53.57139999989569,2.1,0.066,0.3,2,0.3,0.3,2
323,65.67710000002143,53.54239999979883,5.4,0.057,1.725,2.7,8,19.1,2
324,41.430100000047496,49.48239999974295,11.1,0.126,1.85,6.9,10.3,27.1,2
325,71.81310000007824,43.13239999964982,14.6,0.162,3.075,10.4,20.2,50.2,1
326,41.729100000046564,50.52139999961629,4.3,0.135,0.75,2.1,1.6,3.9,2
327,73.36610000003446,52.18939999967962,6.8,0.06,3.075,2.2,26.2,77.3,2
328,54.37910000006985,44.82739999948218,6.4,0.06,1.5750000000000002,2.1,6.7,16,2
329,68.01910000008382,51.46739999961257,9.9,0.126,2.25,2.8,13,17,2
330,51.84809999999441,55.87039999954551,7.1,0.1,2.525,2.7,16.3,46.7,2
331,44.59010000008009,52.112399999631194,17.9,0.181,3.975,13.3,44.1,180.1,1
332,41.05210000002142,51.57739999948218,18.4,0.198,4.325,12.2,51.3,252.4,1
334,45.59809999999441,48.69539999973178,2.1,0.066,0.3249999999999999,2.1,0.3,0.3,2
335,21.81710000003539,42.848399999664714,5.2,0.129,0.975,2.1,2.5,5.1,2
336,57.13110000004843,47.298399999850986,16.5,0.173,3.625,9.4,34,105,1
337,62.98510000009872,50.712399999724326,16.4,0.202,4.375,11.8,53.4,206.1,1
338,69.69910000001863,44.323399999757854,5.2,0.101,1.975,2.3,11.5,27.8,2
340,68.66910000010711,55.70939999969825,8.6,0.131,1.275,2.4,4.7,11.1,2
341,58.35910000005122,51.621399999709425,3.2,0.051,0.525,3.1,0.8,1.6,2
342,51.60710000007264,48.604399999716875,5.7,0.052,1.025,3,2.4,4.1,2
343,42.45610000000186,51.19539999973178,13,0.164,1.275,3,4.1,12.1,1
344,47.555100000047496,47.725399999526886,4.9,0.047,0.95,2.1,2.2,4.9,2
345,41.1571000000028,40.02439999964237,3.6,0.089,2.725,1.1,18.6,38.2,2
346,49.95510000007078,46.7833999997206,8,0.168,1.575,1.7,7.3,18.6,2
347,54.650100000019556,50.953399999646095,13.4,0.237,1.95,6.4,9.4,39.2,1
349,52.559100000004655,45.401399999504534,19.6,0.218,3.35,10.8,30.4,131.5,1
350,66.04909999999535,55.39939999964237,5.4,0.091,1.375,1.5,5,13.6,2
351,63.50410000006985,51.43839999951571,5.1,0.072,1.375,2.1,5.5,13.9,2
352,56.47110000001583,48.08839999988824,17.7,0.023,3.15,9.9,28.2,125.1,1
353,47.352100000067985,50.517399999891964,16.4,0.176,3,11.1,25.8,87,1
354,52.384100000074504,47.557399999463556,22.7,0.036,3,12.6,26.3,138.6,1
355,34.01810000003632,40.14939999964237,13.5,0.076,2.975,2.3,24.2,65.9,1
356,82.6231000000177,45.95539999950826,10.7,0.178,2.9000000000000004,6.8,16.6,53.7,1
357,23.91010000002887,50.147399999780205,6.3,0.31,2.925,1.5,22.9,60.6,1
358,32.042100000012105,43.11639999982119,15.1,0.169,3.8,3.9,46.8,187.8,1
359,41.7371000000773,42.940399999843535,17.3,0.162,3.625,3.3,41.1,162.4,1
360,59.06110000009965,54.88639999983981,7,0.16,1.725,2.6,8.3,20.8,2
361,52.87710000009127,48.526399999504534,18.8,0.256,2.975,12.8,24.6,106.9,1
363,51.25210000009127,45.15739999955669,10,0.105,2,4.3,9.6,20.6,2
364,43.652099999998136,46.1243999997355,3.1,0.114,0.2,1.5,0.1,0.1,2
365,77.96110000000652,37.07539999962002,13,0.288,3.425,5.5,30.3,131.1,1
366,37.21710000005867,44.82039999973178,3.8,0.067,2.125,1.5,13.9,36,2
367,43.6571000000028,49.85739999974295,6.1,0.222,1.3250000000000002,2.8,4.6,9.8,2
369,69.17610000009034,43.09339999977648,10.5,0.155,2.7,4,20.4,81.6,1
370,42.71110000000652,50.905399999694524,1.7,0.068,0.15,1.7,0.1,0.1,2
371,28.487100000077298,46.561399999653545,11.6,0.275,3.85,8.9,34.1,105.8,1
372,75.77910000009314,45.460399999862155,12,0.395,4.675,6.1,50.4,115,1
373,71.6451000000149,44.56639999954179,3,0.179,1.75,0.8,7,8.6,2
374,73.79710000001677,44.87039999954552,7.6,0.153,1.925,2.5,9.6,29.1,2
375,72.23510000009873,36.026399999504534,10.3,0.19,1.5,2.3,6.1,14,2
376,68.26510000001025,43.41339999960884,5,0.154,1.125,2.4,3.3,5.6,2
377,46.01410000007916,47.681399999765304,7.6,0.251,1.625,2.5,6.6,21,2
378,38.619100000060534,41.42539999971315,5.6,0.042,1.7,1.6,7.2,17.5,2
380,53.89810000004098,48.4653999997504,10.6,0.086,1.875,3.9,9.2,21.9,2
381,47.87910000006985,46.34239999961257,12.1,0.241,1.525,5,6.7,28.2,1
382,47.585100000075435,45.01139999983981,17.9,0.278,4.15,12.9,49.5,243.1,1
383,37.183100000073566,43.91839999949708,4.1,0.061,1.225,1.1,4.4,11.1,2
384,59.29610000008568,44.43539999948964,3.8,0.109,4.875,2,31,50.8,2
385,35.4531000000922,35.699399999921766,12.2,0.1,1.425,6.7,6.4,22,2
386,52.40310000004563,43.960399999862155,10,0.088,1.925,4.7,9.1,25.4,2
387,77.51910000008382,43.35739999974296,5.9,0.107,1,3.7,2.8,6.2,2
388,68.25910000007451,35.392399999891964,8,0.134,2.525,3.7,15.9,31.1,2
390,43.29710000001677,48.18039999960139,10.5,0.05,2.25,6.3,14.6,37.9,2
391,18.31710000003539,45.06639999954179,10.2,0.141,1.675,4.6,6,9.5,2
392,52.98010000009406,42.49439999984726,6.8,0.085,1.25,3.4,4.4,13.1,2
393,79.75310000002237,44.19339999986961,16.9,0.182,4.95,9.8,63.3,245.3,1
394,81.70610000000187,43.9763999996908,14.1,0.122,2.825,7.5,18.3,59.3,1
395,50.88910000007916,33.72739999985472,5.4,0.063,1.825,1.6,8.9,25.6,2
396,73.01710000010524,42.36839999968335,6.3,0.087,1.5,4,6.5,19.3,2
397,74.35309999999907,42.77739999966845,5.8,0.109,1.225,2,4.3,10.5,2
398,24.63810000003167,35.2833999997206,11.8,0.261,5.05,6.1,55.9,227.6,1
399,29.16210000000745,36.979399999716875,4.7,0.075,2.4000000000000004,2.4,12.3,24.2,2
400,83.03110000007173,48.199399999921766,11.1,0.134,2.625,6.8,17.5,34.3,1
401,41.231100000025144,44.34339999977648,18.3,0.2,4.375,4.5,54.5,319.2,1
404,43.850100000089405,43.156399999858436,9.9,0.125,2.05,4.9,11.8,31,2
406,40.1691000001071,41.583399999534336,4.7,0.075,1.325,2.4,4.6,13.3,2
407,24.040100000033526,42.17539999971315,16.7,0.298,3.125,7.4,23.1,72.7,1
408,35.27810000004564,34.52039999991805,20.3,0.255,4.675000000000001,13.6,51.7,213.8,1
409,69.36410000005588,35.031399999858436,12.5,0.289,3.175,5.9,27.3,113.3,1
410,83.87010000010804,46.393399999590216,7.5,0.117,1.75,2.1,6.5,19.9,2
411,21.926100000090337,41.45039999962002,11.6,0.171,3.35,2.6,23.6,100.4,1
412,21.693100000082886,39.19739999959394,7.9,0.091,1.75,4.6,8,12.3,2
413,80.97410000004193,37.98139999957904,8.6,0.173,1.25,4.8,4.4,6.1,2
414,37.335100000075435,41.23039999988079,4.7,0.12,1.65,1.8,7.7,17.8,2
415,57.46310000010151,32.294399999660996,9.3,0.131,2.95,4.7,24.2,72.7,2
416,69.7261000000205,41.574399999921766,5.3,0.119,1.025,1.8,2.4,5,2
417,70.61010000009873,41.97139999980256,11.2,0.142,1.6,4,6.5,24.3,2
418,59.09610000001583,33.992399999519435,8.2,0.112,1.325,2.7,4.6,15.2,2
419,21.43810000007823,35.16839999949708,11.7,0.561,3.625,4.2,39.5,142.6,1
420,74.79610000008569,44.04939999954924,18.1,0.357,6.925,10.1,112.2,582.3,1
422,33.420100000038175,37.751399999597666,13.6,0.257,2.0250000000000004,7.1,10.8,27.8,1
423,78.28610000007636,35.223399999664714,6.3,0.206,2.05,3.4,10.5,29.1,2
425,66.16210000000746,30.747399999873338,15.5,0.26,4.3,5.4,49.5,298.2,1
426,37.76410000007916,36.2373999996312,11.3,0.101,2.2750000000000004,4.3,13.6,38.7,2
428,80.62610000004376,33.823399999757854,7.8,0.122,1.5,2.1,6.8,10.9,2
429,58.337100000054015,33.21139999956041,10.5,0.106,1.25,1.9,4,11.1,2
430,47.18910000000931,42.21939999947473,3.7,0.061,1.2000000000000002,2.1,3.9,5.8,2
431,51.818100000082886,35.448399999757854,21.1,0.3,5.25,1.8,84.2,563.2,1
432,70.66110000007637,37.80439999990314,9,0.138,1.6,4.6,6.3,15.6,2
433,34.431100000095,33.669399999660996,21.1,0.243,4.575,12.8,58.2,245.6,1
434,68.69110000010431,39.565399999843535,11.1,0.258,2.425,6.8,16.4,39.9,1
435,43.5431000000596,30.914399999772755,17.6,0.029,3.8,6.6,41,217,1
436,33.808100000073566,35.63239999964982,11.5,0.262,1.475,2.5,5.8,15,1
438,63.01310000003166,32.20039999962002,12.1,0.236,2.3,6.5,15.2,28.2,1
439,47.350100000089405,32.90039999980628,17.2,0.303,3,11.8,22.9,47.6,1
440,20.81110000009965,41.57939999981001,3.1,0.056,1.7,1.4,6.2,9.8,2
442,38.79610000008568,36.703399999646095,10.5,0.074,2.125,2.5,11.5,24.3,2
443,27.40610000007171,30.657399999556688,7.2,0.217,1.45,3.9,5.2,9.7,2
444,23.37610000004377,38.86539999965727,2.8,0.062,0.9,1.4,2.2,2.2,2
445,75.33210000004937,29.83439999969825,6.5,0.125,1.25,2.2,4.5,10.7,2
446,75.62010000010804,34.44539999973178,14.9,0.238,6.4,9.4,81.4,452.9,1
447,38.3951000000149,38.598399999664714,17.3,0.13,3.725,4.1,42.2,163.3,1
448,49.26410000007916,31.67139999952316,3.7,0.102,1.075,2.2,2.9,4.7,2
449,64.21810000010618,32.716399999914316,4.5,0.084,0.8500000000000001,3.2,1.2,1.2,2
450,69.2601000000056,41.1013999996908,16.1,0.044,3.875,7.8,43.2,200.6,1
451,72.556100000095,33.89039999956414,11.1,0.223,2.4,5.4,16.9,54.3,1
452,80.78610000007636,35.90939999988452,7.8,0.091,1.125,2.4,2.7,3.7,2
453,68.96310000010152,30.221399999802557,9.8,0.389,4.45,6.9,51.1,131.7,1
454,37.76510000001024,37.621399999709425,6.5,0.162,0.75,2,1.4,2.3,2
455,49.87509999999628,28.733399999906865,10.7,0.208,1.575,4.6,5.3,7,1
456,66.17510000004285,34.005399999787656,5.5,0.092,0.35,2,0.3,0.4,2
459,62.386100000053084,29.480399999880788,12.4,0.204,2.675,7.9,18.7,63.9,1
460,81.5980999999944,40.837399999724326,13.9,0.076,5.225,10.1,73.1,324.4,1
461,67.04010000003353,31.99039999965727,10.9,0.152,1.95,3.4,7.9,16.6,2
462,76.50009999999628,36.470399999638644,2,0.163,0.45,2.3,0.3,0.4,2
463,61.038100000054946,28.176399999877063,16.9,0.136,3.575,3.6,30.1,115.3,1
464,52.636100000053084,36.3743999997355,4,0.164,2.35,2.1,11.5,27.8,2
466,55.48210000007264,33.005399999787656,6,0.083,2.2,2.3,13.4,42.3,2
467,28.4291,35.6123999996312,13.3,0.129,3.975,6.1,44.2,165.9,1
469,51.86010000009872,27.799399999549237,10.6,0.135,1.2000000000000002,4.1,4.5,9.9,2
470,66.17010000003819,40.05539999960139,12.1,0.149,2.725,1.7,21.9,68.9,1
471,27.0781000000922,31.18539999948964,11.8,0.113,1.125,2.3,3.3,6.9,2
472,64.60610000002515,35.32239999959394,17.8,0.185,2.925,2.9,22.2,145.5,1
474,55.51710000010524,31.864399999493358,9.6,0.138,2.125,5.5,13.1,47.6,2
475,44.46110000000652,22.76139999983981,3.1,0.275,1.5,1.2,5.7,11.5,2
476,61.02209999999348,32.47139999980256,11.6,0.132,2.7,11.3,20.5,59.6,1
477,36.136100000053084,33.24539999954552,4.4,0.05,0.525,2,0.8,1.3,2
479,25.057100000026075,27.12039999954552,14.5,0.196,3.925,6.8,44.7,220,1
480,26.26410000007916,40.16139999974668,9.7,0.116,5.15,4,69.2,303.2,1
481,25.95710000004936,26.05839999962747,2.5,0.072,0.6,2.3,0.9,1.1,2
482,83.50610000004845,32.766399999728044,6.4,0.269,2.175,3.9,12.3,34.1,2
483,54.059100000004655,26.85739999974296,8.1,0.116,2.05,3,10.8,41.8,2
484,59.22309999999441,31.801399999877063,7.9,0.094,1.625,3.6,5.2,6.9,2
486,48.88910000007916,28.31239999981746,16.2,0.183,2.175,7.6,14.5,48.6,1
487,65.23010000009407,33.21739999961257,11.4,0.127,0.775,3.6,1.3,1.8,2
488,57.50210000009127,77.51939999975411,11.6,0.074,1.875,3.9,10.9,42.8,2
489,56.41210000000745,23.95939999969825,7.2,0.133,0.9,2.1,1.9,2.1,2
490,55.63310000002701,37.78239999955669,21.8,0.335,8,12.4,144.7,869.1,1
491,29.28110000007171,24.979399999716875,12.1,0.063,2.25,4.9,12.1,22.9,1
492,63.634100000074504,29.84339999977648,8,0.088,1.95,1.7,8.7,24.6,2
493,43.5441000001071,22.074399999921766,2.1,0.16,0.7250000000000001,2.2,1.2,1.9,2
494,49.979100000046564,31.100399999526886,5.8,0.254,2.025,3.3,10.8,41.3,2
495,41.428100000068916,63.617399999519435,5.9,0.048,1.225,2.5,4.6,7.9,2
496,65.26910000008382,28.48239999974296,7.9,0.067,1.25,2.1,3.3,3.7,2
497,69.55710000002608,33.108399999906865,13.9,0.202,1.95,3.2,9.9,40.6,1
498,47.24810000001769,62.824399999921766,4.1,0.116,0.6,1.4,1,1.5,2
499,43.24910000006519,22.936399999653545,9.1,0.205,4.375,7.4,53.1,273.6,1
500,35.09710000006333,37.931399999765304,14.1,0.137,3.375,4.2,30.5,93,1
501,49.585100000075435,77.65639999985844,8.8,0.099,1.45,2.2,6.4,23.5,2
502,53.90310000004563,29.96939999947473,18.7,0.167,7.2,10.9,151.3,968.4,1
503,28.53710000000745,19.22239999950081,14.2,0.182,7.25,5,130.4,1033.2,1
506,21.35910000005122,19.715399999750403,9.6,0.076,14.725,6,520.1,4222.4,1
507,63.507100000095924,31.900399999806282,6.3,0.09,0.7250000000000001,1.3,1.4,0.9,2
508,53.43510000005215,60.23139999957904,16.9,0.17,2.825,8,21.3,131,1
509,84.61410000005588,62.13739999953806,2.3,0.105,0.1,2.2,0,0,2
510,38.06210000003073,36.733399999906865,15.8,0.101,3.025,9.4,25.4,107,1
511,61.33810000010151,73.39639999961629,7.3,0.078,2.05,1.9,11.7,36.6,2
512,43.5431000000596,27.874399999735502,8.4,0.058,3.025,4.5,20,36,2
513,67.09510000008476,43.29339999949708,12.6,0.151,3.05,4.2,24.2,52.5,1
514,74.64410000008382,29.13639999983981,12.4,0.079,7.725,6.5,154.5,1002.7,1
515,52.95910000002794,70.14839999947846,4,0.064,0.6,1.6,0.9,1.9,2
516,62.40510000002421,75.23339999990688,4.5,0.252,2.225,2.2,11.9,29.3,2
517,57.5441000001071,30.854399999716875,16.3,0.367,2.8,3.3,23.6,129.1,1
518,22.129100000069847,55.53439999988451,4.1,0.131,4.275,2.3,45.6,119.8,2
521,56.53410000009779,67.25739999964982,4.9,0.038,0.85,1.9,2,4.2,2
524,49.64110000005774,26.665399999471006,11.4,0.192,1.4,3.6,5,13.2,1
525,52.56110000009965,68.74139999982118,2.8,0.039,0.525,2.8,0.8,1.2,2
526,48.553100000068916,40.61839999968335,3.2,0.06,1.05,2.9,2.8,3.9,2
527,35.56110000009965,30.00239999976158,6.5,0.095,0.875,3.6,1.8,3.5,2
528,46.4181000000596,33.43039999960139,2,0.043,1.15,2.2,2.7,3.2,2
529,65.10510000009407,70.23539999976903,3.5,0.073,1.375,2.7,4.5,6.1,2
530,30.083100000096856,30.90439999953061,18.9,0.288,3.85,12.4,39.4,156.1,1
531,68.5671000000354,36.01539999956414,5.7,0.091,1.675,1.7,5.9,15.7,2
532,17.670100000038182,16.78739999991059,12.6,0.182,4.675,5,54,152.9,1
533,84.6221000000866,61.59639999980256,3.2,0.109,0.55,1.8,0.5,0.8,2
534,44.63710000010058,26.05439999990314,5.3,0.144,1.6,2.5,5.7,6.4,2
535,29.260100000005586,70.70039999962002,5.5,0.151,1.475,3.1,5.9,13,2
537,45.615100000103375,28.76239999953806,12.2,0.127,2.75,7.7,19.1,50.4,1
538,52.3611000000298,25.480399999880788,12.7,0.584,4.475,6,53,170.4,1
539,82.09710000006332,36.24539999954552,11.7,0.168,2.675,4.6,18.5,43.5,1
540,47.6461000000624,29.86639999982119,18.5,0.08,4.125,7.8,48.5,221.4,1
541,59.932100000026075,33.350399999526886,3.5,0.062,0.975,1.4,2.6,5.4,2
542,70.54010000003353,79.91739999979883,2.8,0.073,1.6,2.4,5.7,8,2
544,54.01210000010058,24.94739999959394,9.3,0.117,2.625,7.6,17.3,47.9,2
545,65.72410000004191,41.656399999858436,3.2,0.091,1.0499999999999998,3.1,3,5.5,2
546,74.98410000005123,58.21439999958649,2.9,0.072,0.5,2.9,0.7,1.1,2
548,41.900100000019556,25.294399999660996,17.6,0.204,4.525,8.3,57.7,339.2,1
549,23.325100000066122,56.63939999986589,6.5,0.073,4.550000000000001,2.2,45.1,116.9,2
550,40.789100000102444,27.316399999541787,4,0.063,1.35,1.3,5.7,10.4,2
552,56.03310000005029,65.89039999956414,5.6,0.042,1.05,1.8,3.3,9.1,2
553,73.94910000001863,63.96939999947473,4.1,0.085,1.775,3.6,6.4,9.5,2
554,30.197100000040045,23.03439999988452,16.4,0.143,12.05,9.7,374.6,2960.5,1
556,56.24110000003446,21.999399999735502,11.1,0.147,7.35,7,150.1,612.4,1
557,57.43610000009965,78.20839999953434,3.1,0.072,0.475,3.1,0.6,1,2
558,26.275100000019556,25.273399999478457,5.5,0.112,3.15,2.6,24.8,50.5,2
559,78.0901000000801,39.876399999597666,8,0.214,1.95,2.6,9.1,12.9,2
560,29.62810000002235,27.353399999552963,15.1,0.108,2.5250000000000004,12,19.9,54.3,1
561,41.316100000104306,28.89439999975413,5.1,0.232,1.925,1.5,11.5,27.9,2
563,17.670100000038182,32.78439999988452,4.7,0.119,0.25,2.1,0.2,0.2,2
565,50.37310000001769,42.503399999925485,2.9,0.052,1.2999999999999998,2.9,3.2,4.1,2
566,37.386100000053084,39.95439999981001,3.1,0.044,0.55,2.5,0.8,0.9,2
567,45.14709999999348,22.67139999952316,3.9,0.102,1.1,1.8,3.7,6,2
568,80.227100000068,37.892399999891964,9.9,0.141,2.375,5.9,14.1,31.2,2
569,26.400100000019556,7.413399999608844,18.2,0.181,5.550000000000001,6.6,80.3,380,1
570,29.87610000004377,25.867399999519435,5.7,0.084,2,3,8.9,10.6,2
571,47.75810000002701,25.247399999873338,22.1,0.126,4.375,2.2,48.9,196.6,1
573,60.25810000002701,32.69739999959394,3.5,0.106,1.025,1.9,2.4,3.8,2
574,75.05110000009034,53.67839999973923,12,0.107,2.7750000000000004,6.7,23.7,98.3,1
577,15.791100000081025,13.60539999988079,8.3,0.163,17.075000000000003,10.3,729.6,3130.3,1
579,29.551100000090337,51.79139999963492,7.7,0.119,3.05,2.5,23.5,53.4,2
581,24.527099999998136,6.49239999951944,14.1,0.685,8.6,8.5,225.2,1551.7,1
583,49.05010000004284,33.60339999955296,4.3,0.094,2.075,2.2,11,23.4,2
585,82.00210000009129,47.436399999653545,9.2,0.086,3.75,3.9,39.7,123.8,2
586,53.87210000008661,71.75439999962374,4,0.109,1.025,3.2,2.6,4.2,2
587,84.3480999999944,34.789399999772755,11.5,0.155,9.475,2,193.3,767.2,1
588,61.41110000007637,39.630399999787656,18.4,0.387,4.550000000000001,7.3,65.8,357.5,1
589,44.19609999999255,80.36139999946728,1.8,0.051,0.15,1.8,0.1,0.1,2
591,34.809100000004655,53.052399999575314,15.9,0.184,5.1,7.7,73.2,320.5,1
592,26.59410000003725,32.35739999974296,10.3,0.069,2.875,5.6,21.2,58.5,2
593,60.41010000002887,56.440399999843535,4.5,0.057,0.825,4.4,2,3.5,2
594,38.62810000002235,62.975399999526886,3.9,0.096,0.875,1.6,2.2,3.8,2
595,77.1231000000177,41.540399999471006,7.9,0.088,1.15,2.8,2.5,4.6,2
596,46.326099999997204,42.530399999694524,4.8,0.176,1.625,3.9,7.7,13.6,2
597,62.3621000000773,71.7383999997951,3.4,0.113,1.45,3.5,6.1,12.1,2
598,73.24310000001304,40.45039999962002,11.5,0.073,2.475,6.3,14.7,31.4,1
599,65.68710000003074,76.95839999953434,3.6,0.072,0.8500000000000001,1.8,2.1,3.1,2
600,65.6581000000503,24.32239999959394,12.6,0.157,12.025,8.3,358.7,2617.2,1
602,57.195100000061466,63.09739999950081,5.3,0.037,1.55,2.8,6.3,14.8,2
603,68.11310000000839,76.05039999971316,3.8,0.038,0.675,3.7,1.3,1.7,2
604,68.67610000009034,52.33439999969825,3.6,0.019,0.975,3.9,2.2,4.2,2
605,55.434100000004655,67.31439999967962,3,0.072,0.425,3,0.6,1,2
606,58.164100000102444,68.54939999954924,7.8,0.064,1.15,2.5,4,13.4,2
607,72.95210000004471,58.781399999858436,9.7,0.091,1.875,2.4,8.7,25.1,2
609,51.34910000004191,73.28039999969452,7.8,0.091,1.175,1.8,4,8.9,2
610,31.50310000002235,23.681399999765304,16.5,0.168,7.875,7.8,128.4,1059.6,1
611,39.22110000001583,80.26939999975411,5,0.132,0.75,2.3,1.6,2.1,2
613,55.0201000000149,64.18939999967962,2.4,0.041,0.875,2.4,1.6,2.1,2
614,56.649100000088474,28.36139999946728,7.5,0.116,1.5,2.3,5.2,10.7,2
615,67.45510000007079,62.95939999969825,13.6,0.225,3.525,6.3,26.1,78.4,1
616,60.085100000075435,62.20639999967217,2.8,0.096,0.35,1.1,0.3,0.5,2
617,51.76810000003632,75.95139999978392,5.6,0.096,1.15,2.4,3.4,8.3,2
618,56.102100000067985,30.225399999526886,3.4,0.071,0.55,3.7,0.9,1.3,2
619,53.30610000009499,70.65939999988451,6.3,0.17,1.325,2.8,4.3,12.1,2
621,59.136100000053084,27.35739999974296,7.4,0.159,3.025,2.6,23,81.8,2
623,52.84510000008475,72.02339999947846,12.4,0.074,1.425,2.9,6.8,25.5,2
624,39.44210000003539,74.24039999965727,7.8,0.077,2.65,2.6,19.8,62,2
625,36.183100000073566,29.634399999511984,10.9,0.097,1.85,5.6,8.4,14.9,2
626,45.710100000075435,61.500399999899415,9.7,0.084,0.8,3.3,1.9,7.3,2
627,61.87710000009127,26.62739999976158,19.2,0.077,2.95,3,24.5,92.6,1
628,60.96110000000652,26.133399999813733,8.5,0.075,1.475,3.6,6.4,12.6,2
629,42.790100000033526,69.12139999970942,12.2,0.104,2.175,4.4,12.2,30.5,1
630,73.88610000005309,68.69039999984354,3.4,0.089,1.25,3.4,4.7,8.1,2
631,73.48810000000839,44.29139999963492,2.5,0.062,0.625,2.5,1.1,1.4,2
632,46.98410000005122,70.56639999954179,9.9,0.095,1.075,4.3,3,8.7,2
633,44.98310000000372,68.044399999661,15.6,0.17,3.075,9.6,24.9,107.8,1
634,60.78210000000279,23.92039999982491,9.7,0.09,1.75,3.7,7.8,21.2,2
635,29.86710000008196,25.239399999493358,15.5,0.204,2.925,8.9,20.3,62,1
636,57.24110000003446,57.89039999956414,3.3,0.029,0.5,1.3,0.8,1.2,2
637,47.8041,79.298399999851,6.9,0.072,1.15,2.6,3.6,11.7,2
638,24.055100000047496,10.970399999638646,9.3,0.121,3.775,2.4,36.6,99.7,1
639,56.14410000008382,67.71739999961257,3.9,0.071,0.625,1.6,1.1,2.3,2
640,46.1791,44.80439999990314,3,0.069,0.65,2.9,1.1,1.3,2
641,63.12210000008661,78.64939999964236,12,0.15,3.0250000000000004,3.6,24.9,95.9,1
642,58.03710000000745,69.07239999959394,3.6,0.062,0.925,1.8,2.1,3.7,2
643,45.3271000000447,61.233399999906865,10.5,0.094,0.875,3.4,2.1,7.6,2
644,76.83010000007079,44.73039999988079,4.9,0.049,1.125,2.7,3.4,4.7,2
645,52.6681000000596,66.80039999971315,5.1,0.064,1.4,2.2,5,11.6,2
646,70.40110000006706,57.436399999653545,4.4,0.05,1.925,1.1,8.9,16.1,2
647,47.56110000009965,67.63839999970197,16.6,0.174,2,9.9,13.5,47.6,1
648,38.87210000008661,66.67639999987706,15.4,0.158,3.025,8.1,24.3,112.3,1
649,83.50009999999628,46.77439999964237,17.2,0.327,3.85,8.3,37.1,161.8,1
651,55.03710000000745,75.29639999952316,5.7,0.141,1.15,2.3,3.8,10.2,2
652,45.67110000008568,65.73039999988079,5,0.072,0.825,2.1,2,4.1,2
653,72.67010000003819,37.934399999791374,14.6,0.13,4.05,7.9,43.8,100.1,1
654,46.62310000001769,35.087399999724326,14,0.051,2.75,4.2,19.6,64.8,1
655,69.96210000005402,88.20139999978392,5.2,0.068,5.275,2.8,81.2,249.4,2
656,59.98310000000372,52.328399999646095,12.3,0.076,1.475,2.8,6.7,21.5,2
657,54.26610000005774,66.73339999990687,4.4,0.199,0.975,1.7,2.5,4.7,2
658,45.934100000004655,66.38339999981373,4.4,0.063,0.8,1.4,1.6,3.1,2
659,59.742100000081955,39.67039999982491,18.8,0.286,4.85,10.4,59.3,247.2,1
660,49.850100000089405,74.51539999956414,15.2,0.175,2.1500000000000004,10.5,14.8,51.3,1
661,51.86610000003446,73.85439999971688,4.5,0.044,0.825,2.1,1.7,3.2,2
662,64.76310000003167,62.30139999987706,7.7,0.159,2.25,2.7,13.8,44.7,2
663,56.32310000008754,60.80539999960139,5.5,0.055,1.3,1.6,4.4,10.2,2
665,45.7141000000326,85.53939999977275,4.4,0.064,2.375,1.7,16.3,48.3,2
666,43.49810000001769,46.06239999981746,9.1,0.128,2.075,5.5,10.8,27.2,2
667,61.777099999998136,65.75039999989941,3.8,0.138,0.675,3.8,1.3,2.2,2
669,35.0211000000624,37.70439999981001,11.1,0.1,1.3250000000000002,6.8,4.6,9.9,2
670,44.77910000009313,67.14339999959022,7.2,0.059,0.95,2,2.8,6.1,2
671,53.303100000068916,72.54339999949708,4.4,0.064,0.575,2.6,1,1.7,2
672,45.307100000026075,60.76539999956414,5.9,0.069,0.625,2.6,1,2.5,2
673,76.66010000002888,67.79139999963492,7.5,0.366,2.925,2.2,25.6,88.1,1
674,33.63810000003167,48.50239999976158,11.7,0.153,2.55,7.4,18.2,49.5,1
675,66.55010000004285,82.82439999992175,1.7,0.1,0.5,1.6,0.5,0.5,2
676,43.795100000038175,22.643399999590216,14.7,0.197,4.775,3.4,62.2,324.2,1
677,51.89210000010524,59.91639999963492,5.4,0.051,1.725,2.6,7,14.1,2
678,54.37610000004377,80.91139999974668,4.8,0.051,0.875,2.2,2.1,4.9,2
679,35.03410000009779,29.52839999983236,17.8,0.131,5.225,9,72.4,330.4,1
680,44.990100000103375,62.24839999957159,2.7,0.075,0.8,2.7,1.9,2.4,2
681,35.59010000008009,62.75339999992549,4.4,0.047,2.025,2.1,10.5,28.8,2
682,35.54110000008103,30.260399999675897,10,0.058,1.5499999999999998,5.2,6.4,18.8,2
683,55.01510000001024,66.7493999997355,6.9,0.117,1.475,2.8,5.1,10.3,2
684,45.045100000038175,67.47939999971688,9.9,0.108,1.025,3.7,2.6,7.3,2
685,40.31910000001397,81.4544,4.5,0.142,2.5250000000000004,2,14.2,37.5,2
686,22.194100000013968,40.63239999964982,14.6,0.238,2.675,3.9,19.3,73.2,1
688,30.65610000007171,85.51739999989196,7.4,0.116,2.1500000000000004,3.9,8.8,22.7,2
689,71.20510000007079,67.13839999970197,4.2,0.1,1.875,1.5,10.1,27.7,2
690,58.566100000104306,59.76439999986589,18.2,0.156,2.85,8.6,23.2,79.8,1
691,54.51610000005774,44.95539999950826,2.8,0.037,0.75,1.6,1.4,2.3,2
692,38.680100000047496,43.41139999974668,5.4,0.067,1.9,1.8,10.5,33.6,2
693,54.53710000000745,49.44539999973178,4.2,0.059,0.95,1.5,2.5,6.5,2
694,44.76310000003167,61.59639999980256,3.1,0.118,0.45,1,0.5,0.8,2
695,52.01710000010524,80.91439999977275,4.8,0.19,2.2,2,11.9,27.9,2
697,41.50210000009127,84.25739999964982,6.5,0.096,5.55,2.5,72.3,278,2
698,52.475100000089405,86.62239999987334,9.3,0.13,3.425,3.2,27.7,107,1
699,60.509100000074504,87.1583999997206,14.1,0.295,5.975,4.8,105.9,642.4,1
700,76.9531000000922,35.7603999996759,12.3,0.243,2.925,5.8,25.5,62.7,1
701,57.14010000001024,78.44739999959394,7.1,0.065,1.225,2.9,3.8,9.3,2
702,64.00310000002236,84.91439999977275,3.3,0.208,1.05,1.5,2.9,4.5,2
703,44.15910000009779,44.68339999962747,8.8,0.094,2.15,2.7,11.8,31.7,2
704,45.81710000003539,54.10239999985471,4.7,0.179,1.5,2.2,5.9,12.3,2
706,65.94710000004005,83.3183999998696,4,0.247,2.1500000000000004,2.2,11.1,25.2,2
708,45.18910000000931,83.11739999951944,5.2,0.116,1.9,3.1,10.3,32.7,2
709,51.085100000075435,81.65039999980628,7.4,0.112,2.1,2.2,12.3,45.2,2
710,41.966100000011174,84.06439999967964,7.6,0.071,4.275,3.2,52.2,138.7,2
711,67.51310000003167,43.436399999653545,13.7,0.18,3.8,6.4,38.1,149.2,1
712,47.14810000004098,84.6363999998398,4.2,0.092,1.4,1.8,5.4,13.4,2
714,35.27410000008848,38.225399999526886,9.2,0.127,1.5499999999999998,4.4,5.8,13.3,2
715,23.237100000077298,85.30239999957531,9.2,0.186,10.65,2.3,300.1,1284.2,1
717,62.62710000009127,86.30039999971316,6.3,0.078,2.225,2.3,13.7,42,2
718,61.37410000006519,87.29639999952316,5.2,0.071,2.75,2.8,19,50,2
719,41.97809999999907,86.76439999986587,5.6,0.088,6.175000000000001,3.3,97.9,383.2,2
720,41.08210000004936,82.27239999978019,13.5,0.207,3.5,6.7,34.5,168.5,1
721,42.97110000001583,64.81539999984354,8.4,0.164,1.7,1.7,6.5,16.9,2
722,54.555100000047496,82.23539999976904,16,0.19,3.875,6.5,39.4,182.2,1
723,55.36010000009872,81.57539999962002,5.3,0.056,1.125,2.5,3.5,7.2,2
724,54.79810000006426,90.64639999961629,12.9,0.185,19.725,5.1,891.8,4177.7,1
726,51.49310000001304,82.90339999983236,7.6,0.12,2.2750000000000004,2.3,14.9,55.4,2
727,54.42610000009034,81.38339999981373,4.2,0.044,1.45,1.7,4.9,8.4,2
728,88.08210000004937,66.38339999981373,6,0.141,1.925,2.8,10.3,21.8,2
729,54.66210000000745,80.5903999997504,5.5,0.045,1.15,2.1,3.7,8.5,2
730,68.95510000007079,82.52339999947846,8.6,0.096,8.625,2.2,174.5,764.9,1
731,61.964100000032595,55.86839999968335,8.4,0.158,1.275,1.6,4.5,12.4,2
732,43.324100000018625,81.41639999963492,9.6,0.104,2.775,3,19.4,53,2
733,44.17210000001677,80.48239999974295,5.2,0.082,1.75,2,6.7,21.2,2
734,30.615100000103375,84.9913999998212,12.7,0.098,4.35,3.1,48.8,219.8,1
735,86.51610000005775,63.07039999973178,7.5,0.125,0.925,5.2,2.2,3.9,2
736,29.678100000068916,84.50039999989941,5.1,0.065,0.7,2.8,0.8,0.8,2
737,50.36010000009872,85.28939999977275,7.3,0.044,2.725,2.8,23.7,73.5,2
738,90.85910000005123,59.24439999984726,8.2,0.187,1.475,6.2,5.7,11.6,2
739,85.09710000006332,66.11839999968335,5.4,0.14,1.225,1.5,2.8,5.2,2
741,55.43110000009499,90.56339999951572,12,0.128,11.2,6.9,321.2,2157.3,1
742,58.14210000010524,90.16339999960884,6.8,0.065,3.5,3,24.3,53.7,2
745,87.98210000007265,60.315399999843535,6.2,0.078,1.1,2.8,2.1,2.6,2
746,56.81010000005215,81.4433999998696,6.6,0.084,2.05,3.8,11.5,32.9,2
747,86.73010000009407,68.08539999986216,8.5,0.251,9.6,3,244.1,1501.5,1
749,91.7151000000801,64.7603999996759,9,0.11,2.6,6.4,16.5,36.9,2
750,55.75510000000093,80.68239999946356,9.4,0.08,1.875,3,8.3,26.7,2
751,43.62710000009127,82.2413999998212,12.5,0.079,2.4,2.6,16.1,48.5,1
752,93.2481000000177,67.30539999960139,7.5,0.174,7.425,2.6,142.2,538.5,1
753,42.30010000004284,82.92239999968707,3,0.09,0.675,3.1,1.2,1.9,2
754,86.82609999999721,58.21739999961257,9.1,0.181,1.675,5.3,7.1,11.5,2
757,86.05010000004285,47.147399999780205,9,0.11,2.4,4.5,14.7,51.3,2
761,89.82310000008755,39.13639999983981,7.4,0.228,10.7,2.4,325.1,1526.1,1
762,89.18710000003072,58.073399999757854,6.8,0.143,1.475,4.7,5.6,9.3,2
763,49.451099999997204,83.3553999998808,4.4,0.094,2,2,10.9,34.6,2
764,87.91410000010245,35.42039999982491,6.9,0.248,5.7,2.7,89.7,256.4,1
767,88.65209999999814,54.134399999511984,12.2,0.274,4.375,2.2,56.9,235.2,1
769,88.6121000000773,40.7493999997355,4.5,0.177,0.95,2.3,1.8,1.6,2
770,85.01410000007917,67.9533999996461,9,0.149,2.375,1.7,14.5,37.9,2
771,92.62910000006984,59.746399999709425,5.8,0.226,0.525,2.3,0.3,0.3,2
772,85.61110000002981,56.55439999990314,6.1,0.125,0.8,1.6,1.6,2.6,2
776,88.32710000004471,61.01539999956414,7.3,0.086,1.575,3.8,5.4,13.3,2
780,90.5321000000028,49.91739999979883,17.3,0.24,18.675,6.5,729.6,8069.6,1
782,85.01410000007917,48.99339999968335,13.9,0.113,5.225,9.7,58.9,254.1,1
783,87.40910000009781,47.79739999968708,6.1,0.139,1.2,2.6,3.6,6.8,2
784,91.42010000003819,51.707399999836085,8.1,0.119,5.25,3.7,59.3,226.1,1
790,85.33810000010152,51.9653999997504,17.6,0.244,4.5,11.3,58.3,192.3,1
793,91.73810000000839,49.401399999504534,11.1,0.096,1.35,5.2,5.5,9,2
