tree_id,x,y,height,dbh,crown_radius,base_height,crown_area,crown_volume,intensity_std
1,47.26210000010058,80.19939999992175,5.8,0.095,1.725,2,7.7,22.2,15.101589195778033
2,48.70910000002794,79.88739999953806,8.5,0.099,1.85,2.9,9,38.5,14.513583650825783
3,62.83410000002794,79.08139999967216,15.6,0.176,4.625,2.9,59.9,407.8,10.652663988527076
4,80.54710000001677,74.55339999973923,9.9,0.355,4.175,1.4,51.1,153.8,8.949681192067551
5,46.37210000008661,79.25539999978766,13.6,0.024,3.5250000000000004,2.5,34.2,144.4,13.88150197706469
6,38.0431000000596,79.99439999984726,4,0.067,1.825,1.6,9.2,15.1,12.426432038094678
7,33.792100000012105,77.61539999965727,9.8,0.083,3.7,4.9,36.6,129.8,9.874235945476109
8,56.59610000001583,80.15339999983236,3.4,0.07,0.225,1.4,0.1,0.2,14.662522472304593
9,45.94210000003539,79.64939999964236,3.9,0.087,1.2000000000000002,1.6,3.3,6,14.53809015204733
10,42.356100000025144,80.03539999958275,10.6,0.144,2.175,7,12.9,44.9,11.67926904450296
11,54.695100000061466,77.74639999970944,5.7,0.049,1.15,1.3,3,6.9,11.865611156043968
12,63.57910000002328,78.58439999969823,10.6,0.164,2.375,1.9,16.1,58.8,11.972054397686955
13,47.65310000004564,78.84139999991432,4.2,0.06,0.725,2,1.5,2.6,14.179990659573194
14,44.382100000095924,71.12239999987334,16.1,0.16,2.325,6.3,14.6,88.7,12.986083629827007
15,58.56510000005681,76.98339999990688,3.7,0.097,0.85,1.9,2.1,3.6,11.557189587414843
16,45.23310000000372,79.99739999987334,3.2,0.123,1.05,3,2.2,3.9,14.91332205041281
17,43.97610000002049,77.44639999989568,3.5,0.045,1.25,3.5,4.1,5.2,10.700452001917135
18,37.2031000000922,79.60339999955296,14.3,0.166,4.175,3.7,45.8,168.8,10.073080121138462
19,62.22010000008475,78.58139999967216,7.7,0.109,1.725,3.5,8.6,21,12.536316378079649
20,57.14210000010524,80.01939999975411,15.5,0.149,4.075,10.8,43.8,202.8,12.27497544711591
21,73.86610000003446,77.39339999959022,4.8,0.078,5.975,2.4,99.8,382.7,8.683725457948144
22,39.341100000011174,78.30539999960139,6.5,0,1.925,3.4,9,29.7,10.23686091424216
23,54.86310000000838,78.9433999998696,7.2,0.059,1.5,2.1,6.2,18,10.905858136327089
24,52.12910000006985,70.26339999970197,6.1,0.062,0.85,1.9,2.1,5.3,14.159644688839592
25,38.681100000095,75.60739999974295,16.8,0.156,3.225,11.9,25.2,80.8,12.87746172783342
26,71.61110000002981,79.31539999984354,3.8,0.173,1.45,1.5,5.5,11.2,6.7525836490942845
27,59.01910000008382,73.84839999966472,12.5,0.113,1.95,7.1,11.6,41.9,11.020087290355528
28,65.18610000009966,76.65539999969452,13.3,0.217,3.15,6.4,22.2,89.4,10.694862747794408
29,27.18810000007823,77.1053999998808,11.7,0,2.475,5.5,15.9,34,7.88537311870253
30,50.37310000001769,79.65039999980628,13.7,0.283,4.175,6.5,44.2,171.6,13.40178501412183
31,41.03110000007171,76.09939999982863,16.9,0.205,3.475,8.6,32.2,137.5,11.705467254191014
32,49.11610000003446,76.80039999971316,4.6,0.062,0.6499999999999999,2,1.3,2.7,12.03896981543085
33,36.96110000000652,76.7223999995008,14.1,0.16,4.075,9.8,41.5,135,12.038259856340884
34,70.77709999999814,69.97939999971688,14.4,0.139,3.3,8.1,29.1,124.1,12.522322674562089
35,49.18910000000931,75.23439999960512,2.3,0.048,0.625,2.3,0.9,1.2,15.432051795481131
36,47.87210000008661,77.59639999980256,16.1,0.163,2.5250000000000004,11.8,16.6,66.8,13.738371112583469
37,43.90110000006705,73.73939999949336,3.1,0.056,0.725,1,1.5,2,14.919170220058351
38,47.61810000001304,76.16139999974668,10.5,0.077,0.975,2.9,2.9,9.8,12.146338609028808
39,35.025100000019556,77.79939999954924,13.6,0.101,3.925,4.4,41.7,196,10.613686714207704
40,55.43310000007357,77.21439999958648,16.8,0.152,3.75,6.9,33.8,135.3,12.33938160664985
41,46.540100000033526,75.10639999957904,2.6,0.058,0.85,2.6,2,3.2,15.919478540264103
42,46.91010000002887,74.34839999966472,7.4,0.088,1.2000000000000002,2.5,3.4,6.5,14.443727137699089
43,44.76710000010524,75.55739999946356,11.3,0.09,1.25,3.3,4.3,16,12.921561356745409
44,57.26310000003166,70.16039999958276,6.6,0.072,1.15,2.2,3.8,13,12.764080182937189
45,68.84809999999442,74.7373999996312,6.4,0.168,3.575,3,34.8,113.8,10.348778258851558
46,40.93510000005216,76.78039999969452,11.7,0.103,1.675,3.8,7.7,17.8,11.815809142618194
47,48.826099999997204,73.62839999992549,17.4,0.16,2.5,7,17.7,83.6,14.08875899968732
48,55.21710000005867,74.04339999949708,3.3,0.043,0.7,1.9,1.3,1.6,13.490811805707398
49,53.03410000009779,76.38739999953806,6.4,0.052,1.6,2.5,7.1,26.2,12.0454170096611
50,66.40510000002422,76.48139999957904,18.3,0.319,6.074999999999999,7.9,94,727.1,10.570281317515184
51,18.07910000002328,66.18639999965355,10.3,0,9.1,3.4,218.8,1279.8,7.631992597083951
52,53.009100000074504,74.00639999948591,14.2,0.118,1.925,5.6,12.1,41.4,12.306904696159856
53,52.40510000002421,75.43639999965356,1.9,0,0.825,2,1.7,2.4,12.169218571935938
54,65.6461000000624,69.50739999964982,5.2,0.096,1.775,2.3,9.3,21.5,8.878841693935076
55,50.79610000008568,73.4993999997355,6.7,0.058,1.2,1.9,3.9,8,12.866674914834924
56,55.070100000061466,75.94039999984354,4.7,0.049,0.875,2.2,2.6,6,12.731359189607346
57,57.08610000000652,71.63939999986589,4,0.04,0.875,2.1,2.2,5.3,11.92998923897448
58,45.18610000009965,73.76439999986589,15.3,0.134,1.3,7.5,5,11.6,15.3166511941044
59,49.02410000008848,75.79739999968707,4.9,0.054,0.825,2,1.9,3.9,13.768700681661755
60,46.22410000004191,76.294399999661,16.6,0.173,2.875,9.5,22.1,98.5,13.391871682171342
61,46.83610000000652,72.83439999969825,9,0.085,1,2.3,2.8,9.6,14.067613795714925
62,45.31110000009965,73.044399999661,7.8,0.071,0.65,1.4,0.9,1.4,12.10190179613656
63,57.88710000010058,74.67639999987708,6.5,0.058,1.225,3.6,4.4,7.2,9.748215087582103
64,47.00810000002701,69.38339999981373,7.1,0.073,0.825,3.9,1.9,4.1,12.46630239426001
65,47.27910000009313,73.55239999957531,7,0.074,0.975,1.8,2.4,7,14.499057956943313
66,47.40810000005029,74.08139999967217,6.1,0.083,0.7,2,1.3,2.6,14.111556002531003
67,53.17010000003818,71.16039999958276,3.8,0.058,0.7,2,1.4,3.1,12.102853400048684
68,48.19609999999255,73.2153999997504,2.6,0.044,0.6000000000000001,2.6,1,1.2,13.141099113984074
69,56.25610000004843,74.56439999967962,8.7,0.121,1.7000000000000002,1.5,7.2,20.6,12.18906430867421
70,44.091100000011174,74.22139999980256,16,0.171,2.575,8.6,16.6,68,12.809745095695856
71,48.79110000008103,71.76239999953806,7.8,0.064,0.875,1.8,2,6.2,13.817030669397598
72,57.53310000005029,72.83239999983608,7.6,0.12,2.2750000000000004,4.5,10.7,17,12.430970724730038
73,49.54110000008103,74.03039999969452,17.6,0.119,2.325,6.3,12.5,43.3,13.547950352706414
74,55.46510000008009,67.74539999954551,5.4,0.044,1.175,2.2,3.5,8.7,14.754285041275097
75,55.18910000000931,72.90039999980628,13,0.104,1.9,5.1,10.2,35.7,12.522359772794765
76,52.99810000001769,73.52439999964237,6.6,0.085,0.925,3.6,2.5,6.8,13.056381910979878
77,59.67610000009034,70.14139999972805,6.4,0.048,1.575,1.8,6.3,13.6,10.132000344889263
78,53.289100000102444,72.10939999960512,2.8,0.051,0.625,1.9,1.2,1.5,13.941721942695397
79,46.384100000074504,73.82339999975785,7.8,0.074,0.525,3,0.7,1.6,17.005231791583377
80,52.5431000000596,74.11739999951944,3.1,0.044,0.525,1.6,0.7,1.1,14.386234919023371
81,36.22410000004191,71.26539999956414,12.6,0.087,1.975,3.8,10,25.1,13.502287083510538
82,37.5321000000028,72.39339999959022,13.5,0.173,2.7,5.8,20.6,101.4,11.851008919194305
83,41.86010000009872,73.55039999971315,2.2,0,1.2000000000000002,2.3,3.6,5,10.593127757306036
84,74.89410000008382,67.39339999959022,4,0.131,1.4500000000000002,1.1,5.3,11,8.201296790844895
85,47.09710000006333,71.8173999997057,2.5,0,0.6499999999999999,2.4,1.2,1.9,12.020223626554335
86,34.21810000010617,72.44439999956786,14.8,0.156,5.324999999999999,8.9,69.6,393.9,11.046980167177612
87,72.08210000004937,70.10039999952689,13.8,0.153,3.025,6.4,25.1,144.8,11.453902362631544
88,58.54610000008568,71.57739999948218,17.2,0.185,2.575,11.5,18.1,88.7,12.10231425910863
89,47.566100000104306,73.10639999957904,2.5,0.054,0.625,2.5,1.1,1.6,13.568158820249806
90,56.32109999999255,72.65439999953061,17,0.15,3.5,10,33.3,133.3,12.195347958844934
91,67.88810000003167,70.98639999946728,12.8,0.12,2.6,7.3,20.5,108,11.517899901297202
92,50.292100000012105,71.38439999951198,8,0,1.275,2.5,3.6,7.9,15.488084522799566
93,57.12410000006519,70.90739999955669,1.6,0,0.475,1.6,0.6,0.6,12.141561024633926
94,30.95010000006613,66.915399999471,13.7,0.223,4.35,8,46.4,213.6,10.09228545546057
95,51.8281000000922,70.81139999965355,3.4,0.057,0.725,1.1,1.4,3.1,16.193570005059055
96,59.11310000000838,72.03839999960884,8.6,0.058,1.05,1.8,3.2,10,13.300118402534435
97,44.04909999999534,69.72439999982863,2.3,0.049,0.375,2.3,0.4,0.6,11.481334382676732
98,46.48410000005122,70.2153999997504,16.2,0.107,1.75,5.1,8.3,32.5,13.29088811039411
99,60.01710000010524,71.19839999975785,4.5,0.032,1.15,1.8,3.5,8.2,10.09979759582163
100,46.038100000054946,72.26639999972805,16.4,0.149,2.225,12.1,12.8,44.3,14.296578634517005
101,52.55110000009034,70.24839999957159,8.6,0.062,1.3,3.6,4.8,15.6,13.866890684956468
102,75.54909999999535,69.93239999946356,13,0.173,5.775,3.3,95,494.8,10.894310551764796
103,50.96810000010617,70.84939999982863,2.1,0,0.525,2.1,0.7,1.2,15.554059180463614
104,57.941100000104306,66.10239999985471,7.2,0.059,1.025,2.2,2.5,5.7,13.147955787030988
105,42.990100000103375,68.7723999997802,2.9,0.145,0.675,2.9,1,1.6,15.115727111487146
106,47.337100000054015,70.53139999985844,5.5,0.08,0.6,2.5,1,1.8,14.433607003606904
107,51.7701000000149,69.45739999983608,4.9,0,0.775,2,1.6,3.9,12.52108189043889
108,48.92110000008568,68.69839999975785,3.1,0.035,0.65,1.2,1,1.4,13.136122461227068
109,48.84809999999441,71.33039999950826,11.9,0.071,0.675,4.5,1.4,5.9,13.954696401342137
110,51.36410000005588,71.59639999980256,17.3,0.146,2.6,13.1,21,78.3,14.073637735725562
111,62.50009999999627,69.7263999996908,4.1,0.127,0.85,1.9,1.8,2.4,8.718275071238153
112,54.49310000001304,69.16239999991059,18.5,0.208,2.25,14.2,14.4,63.1,12.987824283111296
113,47.386100000053084,71.04939999954924,5.5,0.07,0.55,2.2,0.9,1.9,14.791594992219451
114,52.41110000007637,66.54139999963492,8,0,1.25,7.4,3.5,5.7,12.859771319840164
115,56.69609999999255,68.73039999988079,3.5,0.077,0.525,3.5,0.9,1.9,14.730598214197505
116,50.448100000087535,70.13239999964982,14.7,0.148,1.85,5,8.3,33.3,14.11163726139586
117,55.94010000005681,68.69739999959394,5.2,0.046,0.8999999999999999,2.4,2.5,6,14.327199891548396
118,60.979100000046564,67.5783999996461,5.2,0.088,1.225,2.4,4.3,8,9.104178575829586
119,46.49810000001769,71.08539999986216,7.8,0.223,1.025,2.1,3,10.3,14.420906812442755
120,61.92610000009034,71.39539999991804,16,0.189,4.15,10.8,46.5,243.1,10.25886261026726
121,56.51410000007916,69.71639999991432,6.5,0.061,1.325,2.7,5.1,10.5,13.038373327503878
122,46.932100000026075,68.18539999948963,8.7,0.084,1.05,2.1,3,8,13.392950908312002
123,52.85910000005122,69.36039999976903,2,0,0.425,2,0.5,0.6,12.604886221810412
124,47.824100000018625,65.68339999962747,4.1,0.086,0.7250000000000001,1.3,1.3,1.9,12.720795957630886
125,45.12810000002235,67.18539999948963,6.8,0.068,1.15,2.7,3.1,6.7,15.394084773722122
126,44.2361000000298,69.11039999976903,5,0.051,0.9,1.6,2.6,5.9,12.293808726682654
127,51.635100000005586,66.46039999986216,1.8,0,0.975,1.7,1.8,1.8,11.838606204061175
128,83.77310000004098,67.294399999661,9,0.13,2.475,5.8,18.5,50.8,10.49506776417848
129,51.34010000008009,68.99339999968335,6.5,0.059,0.9,1.5,2.6,6.8,12.761315321419506
130,46.27209999999348,69.45139999978393,3.4,0.062,0.2,1.1,0.1,0.2,13.356421123166196
131,49.08210000004936,69.12939999962374,6.3,0.057,1.075,1.8,2.8,6.2,11.59026259907324
132,48.47809999999907,68.03739999991059,1.6,0.074,0.225,1.6,0.1,0.1,12.262423323983077
133,57.434100000004655,69.00339999992549,6.7,0.044,0.925,2,2.4,6.3,13.531934847066958
134,44.7941000001071,64.69639999989569,4.4,0.055,1.075,1.2,3.2,6.5,15.503124066013449
135,59.84510000008475,72.17939999990314,17.3,0,2.825,11.3,22.2,79,11.23027817837372
136,67.92110000008569,69.4313999997653,5.8,0.51,1.525,2,7.6,31.7,12.824713086459822
137,35.4521000000447,65.51639999972805,2,0,1.85,2,9.2,17.6,9.539419635164515
138,54.150100000019556,67.04639999952316,16.8,0.31,3.375,6.3,31,145.4,12.749063513322795
139,58.2361000000298,68.24539999954551,2.9,0.037,0.4,1.2,0.4,0.7,14.077640647593926
140,43.53410000009779,69.27739999966845,2.8,0.043,0.4,2.8,0.5,0.8,12.920660904934344
141,54.46910000003725,68.19839999975785,8.5,0.18,1.25,3.2,4.4,14.6,12.636536078583434
142,64.3171000000354,67.4653999997504,9.6,0.11,2.425,3.2,15.6,51.6,9.410158583188217
143,52.49110000003446,68.19039999984354,5.1,0.072,0.8,1.9,1.9,3.8,14.256905288657498
144,59.59310000010617,64.10439999971688,4.2,0.039,1.175,1.8,3.5,7.8,11.02052199808002
145,72.49110000003446,66.53039999969452,8.4,0.115,2.6500000000000004,3,17.9,62.7,11.074232289018662
146,53.16210000000745,68.77439999964237,2.4,0.083,0.5,1.1,0.7,1.2,11.917522473656806
147,25.89310000003632,70.50539999978766,13.1,0,4.45,6.8,59,320.4,8.684372750410034
148,58.54909999999534,65.72239999950081,6.5,0.062,0.975,2.5,2.4,7.1,13.278515591716166
149,61.333100000096856,65.76939999975413,8,0.124,2,4.7,12.7,28.8,10.197275001028911
150,51.25410000006985,68.10739999974295,17.1,0.16,2.45,4.1,18.6,79.2,12.74889431953263
151,46.303100000068916,66.69439999956786,11.8,0.106,1.1,2.8,3.7,14.3,13.30404057223668
152,41.975100000089405,66.86539999965727,3.1,0.062,1.225,1.6,3.9,5.7,10.171226511661922
153,36.92210000001677,66.81339999951571,13.9,0.138,2.875,4.3,22.9,137.3,12.311541202542047
154,81.45610000000187,63.505399999787656,13.6,0.189,5.25,4.7,61.6,237.9,9.27082161744099
155,57.42510000004284,65.75339999992549,14,0.124,2.05,4,12.6,55.3,12.651632908548542
156,47.95410000002328,67.79739999968707,4.7,0.062,1.05,2.7,2.7,3.9,12.686147124661922
157,43.7821000000028,64.44339999986961,12.8,0.106,2.275,6.9,12.2,44.1,12.485755537984724
158,45.88310000002701,64.72339999966472,2.8,0,0.65,2.8,1,1.3,12.61799574808872
159,46.35510000009406,65.38439999951198,15.9,0.153,2.15,11,13.2,60.2,13.371251263803549
160,68.03110000007172,67.20039999962002,5.8,0.139,2.175,2.4,16,58.3,12.342528933875949
161,55.928100000068916,65.52739999966845,5,0.036,0.925,2,2.3,3.8,12.098674405057547
162,84.30310000006892,66.21239999972433,3,0.107,0.575,3.1,0.9,1.7,14.137755880762928
163,65.57109999999255,65.8623999996312,4.4,0.085,1.825,1.2,8.8,23.8,8.788139528379526
164,71.03610000007637,62.20939999969825,5.1,0.092,2.475,1.1,15.8,43.5,11.39483823109306
165,30.807100000026075,63.84239999961257,2.4,0.04,0.25,2.4,0.2,0.2,9.951369041923083
166,84.30210000002143,66.79139999963492,6,0.126,0.475,2,0.6,1.4,14.109970939178677
167,50.8951000000149,63.7493999997355,4.1,0.056,0.6,2,1.1,2.3,15.301824846389566
168,56.61310000000838,62.98839999979511,4.1,0.044,0.85,1.4,1.8,3.2,11.567315182989187
169,53.01610000005774,65.38339999981373,7.2,0.072,1.4249999999999998,2.4,5,13.8,12.582254383215854
170,59.07510000006612,66.6473999997802,17,0.144,4.275,11.9,42.7,141.6,12.720678976963656
171,51.740100000103375,64.59539999963864,12.9,0.115,1.7999999999999998,3.4,9.4,43,14.23906942174556
172,18.259100000074504,62.746399999709425,10.2,0,6.1,6.6,102,488.6,7.653025643460878
173,83.65209999999814,65.38339999981373,10.4,0.129,1.675,1.8,7.2,15.3,10.6869837959931
174,47.08210000004936,61.83539999986216,10.6,0.09,1.125,5.7,3.3,9.1,15.49605958500099
175,35.83410000002794,63.23839999979511,10.5,0.107,2.45,4.3,16.2,56.3,10.675356739981536
176,59.990100000103375,65.67539999971315,4.9,0.164,0.775,2.1,1.6,3.6,10.497845020923677
177,64.84809999999442,61.81339999951571,6,0.121,0.85,2.3,2,3.5,12.788523636611185
178,65.38210000009593,62.05939999979138,17.2,0.185,3.875,10.6,42.7,182.5,11.4822031263296
179,30.40310000004564,64.66439999977275,13.5,0.157,4.95,6.7,70.9,375.8,9.758262749810008
180,47.27209999999348,66.06839999986961,7.3,0.073,1,3.4,2.5,4.8,12.36813734252812
181,48.54710000001677,64.33039999950826,8.1,0.067,0.95,2.2,2.7,5.9,11.382512945579672
182,83.47110000001585,64.39339999959022,7.3,0.11,0.6,2.6,1,2,10.851109753956791
183,59.82910000002328,64.89239999989196,12.5,0.176,2.7,6.5,18.8,61.1,11.733492318131647
184,66.32310000008755,61.27939999953061,4.5,0.116,0.55,2,1,2.4,11.37324750015745
185,52.56410000000931,62.53239999955669,4.4,0.049,1.1749999999999998,1.9,4,10.7,12.961660592025478
186,40.29710000001677,65.00539999978766,7.2,0.044,2,1.9,10.1,24.8,11.11885614329838
187,47.81410000000931,61.94639999989569,18.7,0.166,2,11,11,56,13.846658979981164
188,44.290100000033526,61.513399999701974,13.1,0.068,1.5499999999999998,4,6.4,27.3,14.474812786722852
189,50.63110000004843,64.16739999979883,7,0.07,1.05,2,2.8,7.5,15.302126655054352
190,49.09809999999441,65.68839999951571,18.9,0.221,2.4000000000000004,8.2,17.7,72.6,13.48460030040303
191,56.05210000002142,62.901399999504534,4,0.069,0.75,1.8,1.6,2.2,11.51732900926052
192,31.41610000008103,64.45739999983608,15.3,0.175,4.2,10,47.3,180.9,9.657405331546787
193,49.89010000001024,63.763399999701974,17.1,0.173,2.925,11.1,23.4,82.4,14.337788239643084
194,49.292100000012105,60.987399999631194,5.4,0.076,1.25,2.9,3.9,9.5,14.339793292279422
195,60.46710000005867,62.375399999899415,16,0.135,2.1,6.7,12,38.5,11.167460185597273
196,78.08710000005402,64.78639999974668,11.8,0.149,3.7,8.9,35.9,97.8,8.191883768977474
197,33.16610000008103,60.67539999971315,5.8,0.116,2.4,1.4,16.7,42.2,8.365885649229998
198,41.75110000004377,61.501399999597666,3.2,0.039,0.975,1.8,2.7,4.6,13.600010024365703
199,74.96210000005402,63.410399999582765,4.9,0.12,2,1.7,10.6,23.8,9.336050565689932
200,52.18910000000931,64.02439999964237,8.1,0.087,1.1,1.6,3.9,11.9,15.182763247515268
201,67.2701000000149,62.43339999962747,6.7,0.078,0.8500000000000001,1.7,2.1,5.7,12.474440556187336
202,84.57109999999257,63.186399999653545,4.3,0.163,0.2,1.8,0.1,0.1,9.753877038590892
203,31.56510000005681,63.315399999843535,6.1,0.096,1.275,2.5,4.3,8,13.288798958178512
204,58.05210000002142,60.388399999701974,5.1,0.057,1.175,1.8,3.8,6.8,13.32178858557172
205,45.670100000038175,60.71439999958649,9.6,0.078,0.8500000000000001,2.6,2.2,7.1,14.743378157347149
206,71.65110000006706,64.40539999969452,3.4,0,1.2999999999999998,3.2,5.3,11.4,10.212345034042349
207,58.61810000001304,61.39539999991804,7.3,0.069,1.775,3.1,7.9,23.3,12.672410427812348
208,84.28910000010245,60.53239999955669,11.4,0.026,2.525,8,16.7,39.8,8.416649311738334
209,57.994100000060534,62.24339999968335,4.3,0.06,1.125,1.8,2.9,7.2,12.419922333672492
210,83.3961000000624,63.28239999955669,9.4,0.107,1.6,5.7,6.9,14.5,8.430255283931153
211,45.413100000054946,62.155399999694524,4.8,0.104,1.025,2.1,2.7,5.4,15.591634824322991
212,68.87509999999628,63.17439999954924,4.7,0.053,1.4249999999999998,2,6.7,13.6,11.13304506333028
213,42.94210000003539,62.42439999954924,2.7,0,0.8250000000000001,2.6,1.6,2.3,11.038521465147154
214,55.10309999999907,60.393399999590216,3.6,0.035,1.15,1.2,4.3,9.8,9.385158881966849
215,42.7031000000922,60.18339999962747,2.3,0,0.675,2.3,1.1,1.7,16.369082458577097
216,84.30810000007357,64.46839999977648,8.3,0.201,1.0499999999999998,2.2,3.1,5,9.37988122871752
217,44.95910000002794,60.268399999590216,6,0.072,1.1,2.5,3.2,8.6,13.911033606712715
218,72.39709999999349,58.64039999956414,17.5,0.172,3.725,7.6,36.2,165.1,11.938641000500912
219,58.65510000002421,60.34839999966472,2.1,0.025,0.4,1.2,0.4,0.5,14.00454001669268
220,47.665100000033526,62.52439999964237,1.8,0,0.25,1.8,0.1,0.2,15.835361756316008
221,61.00009999999627,62.130399999787656,19.1,0.35,4,10.1,48.2,251.9,11.59163714057667
222,46.12110000003912,63.30339999973923,2.7,0,0.45,2.5,0.5,0.5,9.00472584148381
223,81.28810000005497,61.90939999988451,5.5,0.083,1.975,2.9,11.8,21.8,9.377397760075874
224,75.19710000004005,59.130399999787656,8.5,0,1.4249999999999998,2.7,4.6,6.8,9.583317233070554
225,83.94510000006149,59.67839999973923,3.3,0.095,0.3249999999999999,1.8,0.3,0.3,7.65653252709031
226,29.7031000000922,62.474399999828634,8.3,0.095,4.65,2.7,52.5,265.2,9.450729794114636
227,60.53210000000279,58.98639999946728,1.8,0.024,0.2,1.7,0.1,0.1,8.949849732111035
228,40.15910000009779,58.11039999976903,3.2,0,1.175,3.2,3.9,7.7,9.48737998745948
229,42.056100000095,60.427399999575314,2.9,0.038,0.55,1.3,0.8,1.1,26.91290109733528
230,33.84809999999441,62.40039999980628,15,0.231,4.575,5.6,57.5,343.9,10.393759714642416
231,81.30010000004285,61.160399999582765,17.4,0.212,8.65,10.2,175.5,892.7,9.49445661273111
232,41.20710000004936,61.453399999646095,17.8,0.177,3.275,9.5,26.4,147.8,11.859579024129262
233,68.1451000000149,61.81839999986961,13.3,0.158,2.775,8.9,18.8,52.1,12.015547419229636
234,46.51710000010524,59.62239999987334,3.9,0.05,0.95,2,2.2,4.5,14.84807249900248
235,49.17610000009034,59.78739999991059,16.7,0.171,2.4,12.2,14.7,55.1,12.497912689463789
236,38.3281000000922,62.07739999948218,3.2,0.078,1.075,1,3.4,6.4,10.161856275488056
237,42.9871000000773,58.95539999950826,3.3,0.077,0.95,1.1,2.4,5.4,13.652845133062348
238,43.64410000008382,56.59739999950081,14.3,0.136,1.55,5.9,7.9,22.6,13.204244575332725
239,46.81410000000931,60.29239999979883,16.9,0.123,2.325,11,15.2,50.4,14.4221959573954
240,50.680100000047496,62.436399999653545,4.8,0.048,0.9,2,2.2,4.4,14.332692534695369
241,51.33810000010152,60.89039999956414,1.6,0.039,0.125,1.6,0,0.1,13.310868217632624
242,59.31310000007823,60.811399999653545,4.8,0.113,0.875,1.9,2.1,4.3,13.496691775497604
243,39.83610000000652,60.61839999968335,16.1,0.116,2.6,7.2,17.1,67.8,12.480843385392856
244,40.0431000000596,57.37339999957159,3,0,1.075,1.5,3.1,6.5,8.860991370221598
245,75.00110000004378,58.73839999979511,12.2,0.168,2.825,8.3,19.8,69.3,10.361129157630929
246,54.96910000003725,62.177399999575314,7.1,0.08,1.95,2.8,11,31.6,10.483509511683655
247,69.91010000002888,56.87839999992549,7.6,0.079,1.7,2.2,6.9,12.4,13.440334518069148
248,30.67310000006426,56.14139999972805,4.4,0.137,2.675,2.3,20,51.8,9.42255514716054
249,64.24410000006054,59.73439999960512,15.4,0.155,2.125,10.8,12,50.1,10.363737087665807
250,46.13110000004843,61.64839999947846,7.6,0.084,1.075,2.7,3,7.8,15.143421829689457
251,42.74610000003912,59.29339999949708,18.6,0.166,2.725,11.1,20.8,96.1,13.712202453094935
252,69.7481000000177,60.069399999567864,3.9,0,1.325,1.6,4.2,7.6,12.909231580385674
253,83.82310000008755,58.17239999968707,8.9,0.103,1.1749999999999998,3.8,4.4,9.2,9.002570340643386
254,69.24710000008662,57.130399999787656,13.9,0.108,2.1,7.2,11.6,49,12.974977922222749
255,58.67510000004284,58.55139999987706,6.5,0.051,1.35,2.2,5.2,11.8,13.14623228226696
256,50.24210000008196,61.626399999597666,12.5,0.084,1.8,2.8,9.6,27.8,13.14712617336501
257,76.80810000007358,57.06239999981746,12.8,0.139,1.825,5.2,8.6,14.2,9.277358833919912
258,48.19010000005681,55.591399999914316,11.1,0.093,2.625,3.3,16,51.6,11.207824713515194
259,50.837100000054015,59.29539999982491,3.7,0.051,1.025,2,2.4,4.1,11.607757908245476
260,56.00310000002235,61.49339999968335,2.8,0,0.475,2.8,0.7,1,10.992335716405112
261,66.57910000002329,58.64439999975413,16.6,0.202,2.325,3.7,14.1,57.4,10.134932230843171
262,76.08710000005402,59.55339999973923,9.3,0.13,2.35,6.9,11.6,24.6,9.265937478637476
263,31.91610000008103,57.9423999997057,13.5,0.167,2.55,4.7,19.9,77.6,8.9647272916013
264,34.35910000005122,56.83939999958649,4.9,0.057,1.925,1.6,9.9,19.8,8.809759767890595
265,24.364100000055878,55.28739999991059,8.4,0.127,10.575,5.4,259.6,1174.6,9.048444025073454
266,67.1801000000475,61.48839999979511,9.1,0.137,1.7999999999999998,4.1,6.3,16.1,12.441610288787157
267,38.58410000002794,56.92139999952316,3.8,0.062,2.875,1.5,16.7,37.5,8.941415378658814
268,60.32910000002328,56.07739999948218,19.2,0.019,3.175,7.6,28.7,138.1,11.731898500372456
269,57.23810000000838,58.41339999960884,3.5,0.045,1.0499999999999998,1.8,2.9,5.3,11.307350530589597
270,51.67409999999534,60.44539999973178,4.5,0.056,0.9,2.1,2.3,4,12.633809117576048
271,57.59910000004191,57.70239999948218,6.6,0.054,0.875,1.9,2.3,5.9,12.257363895232976
272,83.2801000000242,60.307399999463556,13.2,0.083,2.25,4.3,14.2,49.7,8.671865449060448
273,47.48510000009872,57.64839999947846,17.5,0.278,3.125,13.2,24.6,85.5,12.017612043936923
274,62.68110000009499,54.630399999787656,16.8,0.224,3,13.1,25.2,82.3,10.074465387705905
275,62.34510000008475,55.4653999997504,15.5,0.203,2.3,7.7,13.9,51.6,10.707103329449811
276,62.21310000010151,60.31239999981746,5.6,0.141,1.5499999999999998,2.8,6.8,16.7,8.551745999039591
277,58.03510000002887,56.37239999987334,15.8,0.162,1.75,5.7,9.6,50.1,11.62082101300622
278,66.25710000009593,51.62239999987334,16.4,0.168,2.475,8.2,16,34.8,10.93980099002067
279,83.07109999999257,58.31039999948963,6.7,0.091,1.65,1.2,5,8.5,8.348824550220707
280,49.132100000095924,60.40739999955669,4.3,0.048,0.8,2,1.7,2.4,14.860042793798398
281,55.212100000054015,57.35639999957904,3.5,0.118,1.275,1.7,5.2,9.1,9.083495740362885
282,50.0431000000596,58.13639999983981,16.5,0.187,2.95,12.5,20.1,69.1,11.498958079358912
283,68.74310000001304,56.6923999997057,5.1,0.055,0.8500000000000001,2.7,2,3.8,15.837336251167592
284,40.882100000095924,54.225399999526886,14.8,0.105,2,7.5,11,57.1,9.337339604851008
285,68.94010000005682,53.13339999981373,19.3,0.202,4.025,10.5,40.7,192.8,11.864246007377798
286,43.83610000000652,59.23139999957904,6.2,0.178,1.275,2.6,3.6,8.3,12.488978052478894
287,46.61310000000838,55.712399999724326,7.9,0.133,1.7000000000000002,2.5,9.5,28.9,10.51571629794827
288,53.915100000033526,50.91139999974668,12.9,0.108,1.925,2.8,8.6,32,13.22534785782038
289,43.71510000008009,56.00639999948591,12,0.075,1,1.7,2.9,7.1,13.61104983986909
290,68.4431000000829,60.22239999950081,17.2,0.143,3,11.4,22.6,102.1,12.39916282909238
291,57.89210000010524,54.492399999519435,11.1,0.174,1.4500000000000002,4.3,5.2,19.2,11.852915782202905
292,44.41210000000745,57.26439999986589,15.2,0.113,1.65,6.1,7.1,19.6,12.680528227346
293,56.01810000003632,55.98539999976903,17.5,0.203,3.075,10.7,25,94.7,10.41004338597514
294,24.855100000094062,52.591399999914316,11.6,0.116,5.575,5.9,89.3,370,7.940663502630229
295,60.225100000089405,51.55839999962747,7.4,0.107,1.7,2.9,8,17.7,10.880281057718484
296,83.38610000005309,58.819399999567864,6.6,0.067,0.575,2,0.9,1.6,6.583969693517303
297,42.97309999999441,55.29939999954924,6,0.069,0.95,1.4,2.3,4.7,11.785525214231924
298,59.227100000067985,50.458399999534336,9.6,0.039,2.05,1.8,10.7,26.5,11.427945402189126
299,73.20410000002329,55.28739999991059,16.1,0.191,4.125,12.4,50.1,238.5,11.399810610103772
300,59.818100000082886,58.64639999961629,18.2,0.19,2.975,10.5,21.8,91.4,12.099989497102955
301,49.87509999999628,54.186399999653545,3.5,0.027,0.475,1.9,0.6,1,11.531086377095145
302,31.87509999999628,56.401399999504534,6.1,0.061,1.9,3.3,10.9,31.5,9.571162732428816
303,43.072100000040045,55.72239999950081,10.8,0.12,0.575,1.9,1,3.2,13.10965313899329
304,44.36810000001304,51.12339999957159,3,0.093,0.4,1.5,0.4,0.7,9.89733078499214
305,45.803100000068916,50.28439999988451,19.2,0.367,4.65,2.4,56.6,238.6,10.233743287789618
306,39.80010000004284,55.33539999986216,17.2,0.271,4.3,7.9,48.8,281.1,10.153273529512443
307,58.385100000005586,53.73139999957904,4.4,0,0.725,5.6,1.4,2.7,11.451381362713525
308,46.760100000005586,48.414399999772755,7.3,0.098,1.2999999999999998,1.8,5.1,14.1,9.525679734319246
309,43.03110000007171,53.48939999949336,5.2,0.07,1.4,2.3,5.7,15.5,8.38833222260718
310,46.449100000018625,58.100399999526886,18.9,0.169,2.7,12.3,19.1,61.1,13.321228805986104
311,70.34910000004191,54.25239999976158,19.3,0.222,3.05,10.9,24.2,100.3,12.535960559491254
312,68.12509999999628,54.71039999986216,18.5,0.2,3.325,12.4,29.6,92.6,12.217422977197842
313,69.21610000001118,54.27339999947846,10.9,0.018,1.7000000000000002,7.2,7.5,14,12.7068154213989
314,57.833100000096856,51.12739999976158,11.8,0.149,1.7,2.9,7.6,22.8,11.365518462434974
315,55.835100000075435,49.17039999982491,9,0.065,1.6,2.1,6.5,13.9,9.734711929258673
316,53.790100000033526,55.393399999590216,18,0.166,3,8.7,24.7,87.5,9.609969857303488
317,34.62710000009127,52.37239999987334,8.4,0.13,1.7000000000000002,4.2,7.7,9.6,10.17839812223288
318,44.930100000047496,45.4083999997206,5.7,0.081,1.35,1.5,4.2,10.1,9.937212031217555
319,58.79710000001676,52.669399999660996,20.4,0.325,4.175,12.7,50.6,288.9,10.674886139314136
320,57.0781000000922,56.932399999463556,12,0.153,1.825,4.5,8.7,19.3,11.221914254861892
321,59.63710000010058,52.16839999949708,7.5,0.171,0.625,1.3,0.9,2.2,15.49333461271434
322,45.34610000001583,53.57139999989569,2.1,0.066,0.3,2,0.3,0.3,10.446920711970408
323,65.67710000002143,53.54239999979883,5.4,0.057,1.725,2.7,8,19.1,9.68440794924375
324,41.430100000047496,49.48239999974295,11.1,0.126,1.85,6.9,10.3,27.1,9.212890331763074
325,71.81310000007824,43.13239999964982,14.6,0.162,3.075,10.4,20.2,50.2,11.39214903118874
326,41.729100000046564,50.52139999961629,4.3,0.135,0.75,2.1,1.6,3.9,9.73519508727122
327,73.36610000003446,52.18939999967962,6.8,0.06,3.075,2.2,26.2,77.3,10.098263654830983
328,54.37910000006985,44.82739999948218,6.4,0.06,1.5750000000000002,2.1,6.7,16,9.683229543418609
329,68.01910000008382,51.46739999961257,9.9,0.126,2.25,2.8,13,17,11.57921545819756
330,51.84809999999441,55.87039999954551,7.1,0.1,2.525,2.7,16.3,46.7,10.2341314894739
331,44.59010000008009,52.112399999631194,17.9,0.181,3.975,13.3,44.1,180.1,9.877172778998943
332,41.05210000002142,51.57739999948218,18.4,0.198,4.325,12.2,51.3,252.4,9.349023901850591
333,58.8951000000149,51.58039999950826,2,0,0.3,2,0.3,0.4,9.54692697988308
334,45.59809999999441,48.69539999973178,2.1,0.066,0.3249999999999999,2.1,0.3,0.3,9.051109524073834
335,21.81710000003539,42.848399999664714,5.2,0.129,0.975,2.1,2.5,5.1,15.505976845359482
336,57.13110000004843,47.298399999850986,16.5,0.173,3.625,9.4,34,105,9.708898501359268
337,62.98510000009872,50.712399999724326,16.4,0.202,4.375,11.8,53.4,206.1,9.717110819484244
338,69.69910000001863,44.323399999757854,5.2,0.101,1.975,2.3,11.5,27.8,10.819747516660165
339,53.32510000006612,49.931399999765304,2.3,0,0.4,2.3,0.5,0.5,9.983154668060568
340,68.66910000010711,55.70939999969825,8.6,0.131,1.275,2.4,4.7,11.1,13.51589390899108
341,58.35910000005122,51.621399999709425,3.2,0.051,0.525,3.1,0.8,1.6,11.208359875202603
342,51.60710000007264,48.604399999716875,5.7,0.052,1.025,3,2.4,4.1,9.75804574006282
343,42.45610000000186,51.19539999973178,13,0.164,1.275,3,4.1,12.1,9.976831121668738
344,47.555100000047496,47.725399999526886,4.9,0.047,0.95,2.1,2.2,4.9,9.275465216622322
345,41.1571000000028,40.02439999964237,3.6,0.089,2.725,1.1,18.6,38.2,8.619197475411877
346,49.95510000007078,46.7833999997206,8,0.168,1.575,1.7,7.3,18.6,8.954685610686195
347,54.650100000019556,50.953399999646095,13.4,0.237,1.95,6.4,9.4,39.2,12.93522370685138
348,75.97309999999442,43.36139999946728,8.7,0,1.1,3.9,3.6,9.5,9.72260656634205
349,52.559100000004655,45.401399999504534,19.6,0.218,3.35,10.8,30.4,131.5,11.498656659132791
350,66.04909999999535,55.39939999964237,5.4,0.091,1.375,1.5,5,13.6,9.406774694089624
351,63.50410000006985,51.43839999951571,5.1,0.072,1.375,2.1,5.5,13.9,8.887542739477569
352,56.47110000001583,48.08839999988824,17.7,0.023,3.15,9.9,28.2,125.1,9.776759786087222
353,47.352100000067985,50.517399999891964,16.4,0.176,3,11.1,25.8,87,10.13406078600431
354,52.384100000074504,47.557399999463556,22.7,0.036,3,12.6,26.3,138.6,12.495909450995253
355,34.01810000003632,40.14939999964237,13.5,0.076,2.975,2.3,24.2,65.9,11.170489783542992
356,82.6231000000177,45.95539999950826,10.7,0.178,2.9000000000000004,6.8,16.6,53.7,12.718233788218951
357,23.91010000002887,50.147399999780205,6.3,0.31,2.925,1.5,22.9,60.6,7.934192828398458
358,32.042100000012105,43.11639999982119,15.1,0.169,3.8,3.9,46.8,187.8,9.336554727296212
359,41.7371000000773,42.940399999843535,17.3,0.162,3.625,3.3,41.1,162.4,9.78092130757084
360,59.06110000009965,54.88639999983981,7,0.16,1.725,2.6,8.3,20.8,11.627101170169311
361,52.87710000009127,48.526399999504534,18.8,0.256,2.975,12.8,24.6,106.9,12.961071574384595
362,22.930100000047496,45.71939999947473,11.2,0,3.5,4.6,25.6,58.9,9.502138532266857
363,51.25210000009127,45.15739999955669,10,0.105,2,4.3,9.6,20.6,10.9027636000381
364,43.652099999998136,46.1243999997355,3.1,0.114,0.2,1.5,0.1,0.1,10.10333643053858
365,77.96110000000652,37.07539999962002,13,0.288,3.425,5.5,30.3,131.1,11.018045500527878
366,37.21710000005867,44.82039999973178,3.8,0.067,2.125,1.5,13.9,36,9.02202604455621
367,43.6571000000028,49.85739999974295,6.1,0.222,1.3250000000000002,2.8,4.6,9.8,8.887256303546636
368,84.09410000003724,45.64639999961629,9.2,0,2.375,3.6,12.1,26.3,13.231195670593925
369,69.17610000009034,43.09339999977648,10.5,0.155,2.7,4,20.4,81.6,11.251570581859038
370,42.71110000000652,50.905399999694524,1.7,0.068,0.15,1.7,0.1,0.1,9.036514419227377
371,28.487100000077298,46.561399999653545,11.6,0.275,3.85,8.9,34.1,105.8,9.90108593136841
372,75.77910000009314,45.460399999862155,12,0.395,4.675,6.1,50.4,115,11.961679166887896
373,71.6451000000149,44.56639999954179,3,0.179,1.75,0.8,7,8.6,11.031677722309526
374,73.79710000001677,44.87039999954552,7.6,0.153,1.925,2.5,9.6,29.1,13.16618480742777
375,72.23510000009873,36.026399999504534,10.3,0.19,1.5,2.3,6.1,14,10.9565622804133
376,68.26510000001025,43.41339999960884,5,0.154,1.125,2.4,3.3,5.6,10.939664823677024
377,46.01410000007916,47.681399999765304,7.6,0.251,1.625,2.5,6.6,21,9.799326992065565
378,38.619100000060534,41.42539999971315,5.6,0.042,1.7,1.6,7.2,17.5,8.197222070395304
379,34.280100000024206,47.14839999947846,13.8,0,3.05,4.4,27.1,57.9,9.799926347338484
380,53.89810000004098,48.4653999997504,10.6,0.086,1.875,3.9,9.2,21.9,13.686418594214226
381,47.87910000006985,46.34239999961257,12.1,0.241,1.525,5,6.7,28.2,10.461865610584626
382,47.585100000075435,45.01139999983981,17.9,0.278,4.15,12.9,49.5,243.1,9.874284033174092
383,37.183100000073566,43.91839999949708,4.1,0.061,1.225,1.1,4.4,11.1,9.166434366621568
384,59.29610000008568,44.43539999948964,3.8,0.109,4.875,2,31,50.8,9.59212822325651
385,35.4531000000922,35.699399999921766,12.2,0.1,1.425,6.7,6.4,22,13.364403671630155
386,52.40310000004563,43.960399999862155,10,0.088,1.925,4.7,9.1,25.4,11.811426408584126
387,77.51910000008382,43.35739999974296,5.9,0.107,1,3.7,2.8,6.2,10.380817028917887
388,68.25910000007451,35.392399999891964,8,0.134,2.525,3.7,15.9,31.1,10.657448131159136
389,34.74310000001304,39.95639999967217,3.2,0,0.625,3.2,1,1.3,10.653198898887087
390,43.29710000001677,48.18039999960139,10.5,0.05,2.25,6.3,14.6,37.9,9.519533823131528
391,18.31710000003539,45.06639999954179,10.2,0.141,1.675,4.6,6,9.5,9.642390153934723
392,52.98010000009406,42.49439999984726,6.8,0.085,1.25,3.4,4.4,13.1,11.38878334686314
393,79.75310000002237,44.19339999986961,16.9,0.182,4.95,9.8,63.3,245.3,12.28302833957954
394,81.70610000000187,43.9763999996908,14.1,0.122,2.825,7.5,18.3,59.3,11.925763150970369
395,50.88910000007916,33.72739999985472,5.4,0.063,1.825,1.6,8.9,25.6,10.236171704649328
396,73.01710000010524,42.36839999968335,6.3,0.087,1.5,4,6.5,19.3,9.723345963522766
397,74.35309999999907,42.77739999966845,5.8,0.109,1.225,2,4.3,10.5,10.29336106607844
398,24.63810000003167,35.2833999997206,11.8,0.261,5.05,6.1,55.9,227.6,9.45052139476148
399,29.16210000000745,36.979399999716875,4.7,0.075,2.4000000000000004,2.4,12.3,24.2,9.372757318144656
400,83.03110000007173,48.199399999921766,11.1,0.134,2.625,6.8,17.5,34.3,12.476888049340838
401,41.231100000025144,44.34339999977648,18.3,0.2,4.375,4.5,54.5,319.2,9.785593776663424
402,64.50110000004378,40.98639999946728,2.8,0,1.225,1.1,3.2,5.3,8.21125483408679
403,38.40410000009313,41.33939999958649,4.5,0,1.4249999999999998,4.8,5.6,11.4,8.168514580555138
404,43.850100000089405,43.156399999858436,9.9,0.125,2.05,4.9,11.8,31,10.61805762710522
405,18.27410000008848,32.892399999891964,4,0,0.3,1.6,0.2,0.2,7.29800153783767
406,40.1691000001071,41.583399999534336,4.7,0.075,1.325,2.4,4.6,13.3,8.568906636398278
407,24.040100000033526,42.17539999971315,16.7,0.298,3.125,7.4,23.1,72.7,10.332169818996292
408,35.27810000004564,34.52039999991805,20.3,0.255,4.675000000000001,13.6,51.7,213.8,14.354563358518703
409,69.36410000005588,35.031399999858436,12.5,0.289,3.175,5.9,27.3,113.3,11.122426556984855
410,83.87010000010804,46.393399999590216,7.5,0.117,1.75,2.1,6.5,19.9,14.001162632673378
411,21.926100000090337,41.45039999962002,11.6,0.171,3.35,2.6,23.6,100.4,11.3469346408281
412,21.693100000082886,39.19739999959394,7.9,0.091,1.75,4.6,8,12.3,11.302901438456423
413,80.97410000004193,37.98139999957904,8.6,0.173,1.25,4.8,4.4,6.1,12.77793328578855
414,37.335100000075435,41.23039999988079,4.7,0.12,1.65,1.8,7.7,17.8,8.97135854042774
415,57.46310000010151,32.294399999660996,9.3,0.131,2.95,4.7,24.2,72.7,10.871772405414736
416,69.7261000000205,41.574399999921766,5.3,0.119,1.025,1.8,2.4,5,12.562881077889774
417,70.61010000009873,41.97139999980256,11.2,0.142,1.6,4,6.5,24.3,10.409503389665256
418,59.09610000001583,33.992399999519435,8.2,0.112,1.325,2.7,4.6,15.2,9.93662552070847
419,21.43810000007823,35.16839999949708,11.7,0.561,3.625,4.2,39.5,142.6,8.984913241862147
420,74.79610000008569,44.04939999954924,18.1,0.357,6.925,10.1,112.2,582.3,11.230523640053368
421,36.59809999999441,37.90439999953061,3.2,0,0.75,2.8,1.5,2.1,20.88542145942496
422,33.420100000038175,37.751399999597666,13.6,0.257,2.0250000000000004,7.1,10.8,27.8,11.635648519886798
423,78.28610000007636,35.223399999664714,6.3,0.206,2.05,3.4,10.5,29.1,11.567852913271674
424,39.74310000001304,40.643399999590216,2.7,0,0.825,2.6,2,3.3,7.229644579247321
425,66.16210000000746,30.747399999873338,15.5,0.26,4.3,5.4,49.5,298.2,11.87381470493396
426,37.76410000007916,36.2373999996312,11.3,0.101,2.2750000000000004,4.3,13.6,38.7,14.641574844634327
427,46.0771000000447,40.223399999664714,2.6,0,1.6749999999999998,1.1,7.6,11.5,9.46606458546432
428,80.62610000004376,33.823399999757854,7.8,0.122,1.5,2.1,6.8,10.9,9.545774259965622
429,58.337100000054015,33.21139999956041,10.5,0.106,1.25,1.9,4,11.1,10.071670596307872
430,47.18910000000931,42.21939999947473,3.7,0.061,1.2000000000000002,2.1,3.9,5.8,10.336882783041585
431,51.818100000082886,35.448399999757854,21.1,0.3,5.25,1.8,84.2,563.2,10.081791494562966
432,70.66110000007637,37.80439999990314,9,0.138,1.6,4.6,6.3,15.6,10.9020743636813
433,34.431100000095,33.669399999660996,21.1,0.243,4.575,12.8,58.2,245.6,13.665788923119386
434,68.69110000010431,39.565399999843535,11.1,0.258,2.425,6.8,16.4,39.9,10.655580362222157
435,43.5431000000596,30.914399999772755,17.6,0.029,3.8,6.6,41,217,10.482963074027966
436,33.808100000073566,35.63239999964982,11.5,0.262,1.475,2.5,5.8,15,10.759420589704847
437,59.67710000002142,35.48039999988079,3.4,0,1.875,1.3,6.4,8.5,10.868198673161393
438,63.01310000003166,32.20039999962002,12.1,0.236,2.3,6.5,15.2,28.2,11.114425144281872
439,47.350100000089405,32.90039999980628,17.2,0.303,3,11.8,22.9,47.6,9.022905757495987
440,20.81110000009965,41.57939999981001,3.1,0.056,1.7,1.4,6.2,9.8,10.707098884341375
441,33.96310000010152,34.276399999504534,3,0,0.45,2.9,0.6,0.7,10.1027561241355
442,38.79610000008568,36.703399999646095,10.5,0.074,2.125,2.5,11.5,24.3,13.571353160013338
443,27.40610000007171,30.657399999556688,7.2,0.217,1.45,3.9,5.2,9.7,9.029608129474292
444,23.37610000004377,38.86539999965727,2.8,0.062,0.9,1.4,2.2,2.2,9.255692872857006
445,75.33210000004937,29.83439999969825,6.5,0.125,1.25,2.2,4.5,10.7,12.44031728832016
446,75.62010000010804,34.44539999973178,14.9,0.238,6.4,9.4,81.4,452.9,10.973231374728922
447,38.3951000000149,38.598399999664714,17.3,0.13,3.725,4.1,42.2,163.3,12.272536154173638
448,49.26410000007916,31.67139999952316,3.7,0.102,1.075,2.2,2.9,4.7,10.409766197354148
449,64.21810000010618,32.716399999914316,4.5,0.084,0.8500000000000001,3.2,1.2,1.2,11.106278230885636
450,69.2601000000056,41.1013999996908,16.1,0.044,3.875,7.8,43.2,200.6,10.61353256511714
451,72.556100000095,33.89039999956414,11.1,0.223,2.4,5.4,16.9,54.3,10.546796033953598
452,80.78610000007636,35.90939999988452,7.8,0.091,1.125,2.4,2.7,3.7,9.913070004599977
453,68.96310000010152,30.221399999802557,9.8,0.389,4.45,6.9,51.1,131.7,12.138099933965211
454,37.76510000001024,37.621399999709425,6.5,0.162,0.75,2,1.4,2.3,8.282044610642302
455,49.87509999999628,28.733399999906865,10.7,0.208,1.575,4.6,5.3,7,10.944697101952134
456,66.17510000004285,34.005399999787656,5.5,0.092,0.35,2,0.3,0.4,10.309396238075768
457,66.20410000002329,39.53839999960884,7.7,0,1.6749999999999998,4,8.3,23.2,8.27266699041932
458,28.961100000006518,63.93739999981746,2.6,0,1.2000000000000002,2.6,3.4,4.1,8.883983282369966
459,62.386100000053084,29.480399999880788,12.4,0.204,2.675,7.9,18.7,63.9,10.69054780326738
460,81.5980999999944,40.837399999724326,13.9,0.076,5.225,10.1,73.1,324.4,11.200316674543732
461,67.04010000003353,31.99039999965727,10.9,0.152,1.95,3.4,7.9,16.6,12.500693431509596
462,76.50009999999628,36.470399999638644,2,0.163,0.45,2.3,0.3,0.4,11.984208451315656
463,61.038100000054946,28.176399999877063,16.9,0.136,3.575,3.6,30.1,115.3,10.4258520362216
464,52.636100000053084,36.3743999997355,4,0.164,2.35,2.1,11.5,27.8,10.438301071716593
465,25.74610000003912,27.971399999802557,7.5,0,0.75,3,1.2,1.8,9.19142475191112
466,55.48210000007264,33.005399999787656,6,0.083,2.2,2.3,13.4,42.3,11.105826690426104
467,28.4291,35.6123999996312,13.3,0.129,3.975,6.1,44.2,165.9,9.99283094887525
468,36.509100000074504,50.48939999949336,12.9,0,3.425,5,28.1,129.5,9.961906581700656
469,51.86010000009872,27.799399999549237,10.6,0.135,1.2000000000000002,4.1,4.5,9.9,11.235146353399736
470,66.17010000003819,40.05539999960139,12.1,0.149,2.725,1.7,21.9,68.9,8.955868468553076
471,27.0781000000922,31.18539999948964,11.8,0.113,1.125,2.3,3.3,6.9,9.444888302954668
472,64.60610000002515,35.32239999959394,17.8,0.185,2.925,2.9,22.2,145.5,11.03252508913044
473,41.48910000005588,28.294399999660996,16.3,0,4.225,12.7,51,168.3,10.979249468270378
474,55.51710000010524,31.864399999493358,9.6,0.138,2.125,5.5,13.1,47.6,12.293714517522792
475,44.46110000000652,22.76139999983981,3.1,0.275,1.5,1.2,5.7,11.5,13.612579381085846
476,61.02209999999348,32.47139999980256,11.6,0.132,2.7,11.3,20.5,59.6,10.665858468268327
477,36.136100000053084,33.24539999954552,4.4,0.05,0.525,2,0.8,1.3,10.689476023685105
479,25.057100000026075,27.12039999954552,14.5,0.196,3.925,6.8,44.7,220,8.655195590728372
480,26.26410000007916,40.16139999974668,9.7,0.116,5.15,4,69.2,303.2,9.80828732768227
481,25.95710000004936,26.05839999962747,2.5,0.072,0.6,2.3,0.9,1.1,8.689868263120337
482,83.50610000004845,32.766399999728044,6.4,0.269,2.175,3.9,12.3,34.1,10.470532613712502
483,54.059100000004655,26.85739999974296,8.1,0.116,2.05,3,10.8,41.8,11.921445790839153
484,59.22309999999441,31.801399999877063,7.9,0.094,1.625,3.6,5.2,6.9,10.657515583881803
485,37.71910000003725,22.37939999962375,11.5,0,1.95,3.9,8.9,8.1,10.728952927055795
486,48.88910000007916,28.31239999981746,16.2,0.183,2.175,7.6,14.5,48.6,12.18947603095139
487,65.23010000009407,33.21739999961257,11.4,0.127,0.775,3.6,1.3,1.8,11.184845292061496
488,57.50210000009127,77.51939999975411,11.6,0.074,1.875,3.9,10.9,42.8,11.10306387953268
489,56.41210000000745,23.95939999969825,7.2,0.133,0.9,2.1,1.9,2.1,8.093235006746102
490,55.63310000002701,37.78239999955669,21.8,0.335,8,12.4,144.7,869.1,9.891944473244951
491,29.28110000007171,24.979399999716875,12.1,0.063,2.25,4.9,12.1,22.9,8.6967169306864
492,63.634100000074504,29.84339999977648,8,0.088,1.95,1.7,8.7,24.6,10.888584163394505
493,43.5441000001071,22.074399999921766,2.1,0.16,0.7250000000000001,2.2,1.2,1.9,11.632981354446937
494,49.979100000046564,31.100399999526886,5.8,0.254,2.025,3.3,10.8,41.3,9.60071229410616
495,41.428100000068916,63.617399999519435,5.9,0.048,1.225,2.5,4.6,7.9,10.936974850034415
496,65.26910000008382,28.48239999974296,7.9,0.067,1.25,2.1,3.3,3.7,11.69618559431255
497,69.55710000002608,33.108399999906865,13.9,0.202,1.95,3.2,9.9,40.6,9.810256935531358
498,47.24810000001769,62.824399999921766,4.1,0.116,0.6,1.4,1,1.5,13.477735584380737
499,43.24910000006519,22.936399999653545,9.1,0.205,4.375,7.4,53.1,273.6,12.266872603260683
500,35.09710000006333,37.931399999765304,14.1,0.137,3.375,4.2,30.5,93,14.60216450486594
501,49.585100000075435,77.65639999985844,8.8,0.099,1.45,2.2,6.4,23.5,12.505643494921674
502,53.90310000004563,29.96939999947473,18.7,0.167,7.2,10.9,151.3,968.4,10.599115819966956
503,28.53710000000745,19.22239999950081,14.2,0.182,7.25,5,130.4,1033.2,9.447018889593332
504,44.47309999999441,31.121399999709425,3.4,0,0.875,3.2,1.5,2.2,8.749774943410136
505,83.99010000010338,41.12039999954552,9.8,0,2.7,7.7,21.8,63.8,9.686863569464816
506,21.35910000005122,19.715399999750403,9.6,0.076,14.725,6,520.1,4222.4,9.463833996018886
507,63.507100000095924,31.900399999806282,6.3,0.09,0.7250000000000001,1.3,1.4,0.9,12.356393625786374
508,53.43510000005215,60.23139999957904,16.9,0.17,2.825,8,21.3,131,11.22642256934803
509,84.61410000005588,62.13739999953806,2.3,0.105,0.1,2.2,0,0,8.848653951227963
510,38.06210000003073,36.733399999906865,15.8,0.101,3.025,9.4,25.4,107,13.68630711310825
511,61.33810000010151,73.39639999961629,7.3,0.078,2.05,1.9,11.7,36.6,9.440599908521486
512,43.5431000000596,27.874399999735502,8.4,0.058,3.025,4.5,20,36,10.037410207809437
513,67.09510000008476,43.29339999949708,12.6,0.151,3.05,4.2,24.2,52.5,10.74945079486282
514,74.64410000008382,29.13639999983981,12.4,0.079,7.725,6.5,154.5,1002.7,11.419720534073338
515,52.95910000002794,70.14839999947846,4,0.064,0.6,1.6,0.9,1.9,13.218584861342936
516,62.40510000002421,75.23339999990688,4.5,0.252,2.225,2.2,11.9,29.3,10.035937300511373
517,57.5441000001071,30.854399999716875,16.3,0.367,2.8,3.3,23.6,129.1,11.447202099591063
518,22.129100000069847,55.53439999988451,4.1,0.131,4.275,2.3,45.6,119.8,6.770456981964181
519,43.74610000003912,73.40939999988451,1.8,0,0.275,1.3,0.1,0.1,11.736320276455038
520,25.13810000003167,30.151399999504534,14.9,0,4.3,11.5,57.3,239.5,9.36046383842204
521,56.53410000009779,67.25739999964982,4.9,0.038,0.85,1.9,2,4.2,14.840272765578558
522,26.795100000038175,26.24839999957159,10.5,0,1.7,6.2,8.2,20.2,8.567199209765565
523,20.295100000038182,37.80339999973923,9,0,3.275,5.4,27.7,59,8.907188539614049
524,49.64110000005774,26.665399999471006,11.4,0.192,1.4,3.6,5,13.2,10.008147675384375
525,52.56110000009965,68.74139999982118,2.8,0.039,0.525,2.8,0.8,1.2,14.572816454689171
526,48.553100000068916,40.61839999968335,3.2,0.06,1.05,2.9,2.8,3.9,10.643000107425332
527,35.56110000009965,30.00239999976158,6.5,0.095,0.875,3.6,1.8,3.5,13.46117266744477
528,46.4181000000596,33.43039999960139,2,0.043,1.15,2.2,2.7,3.2,9.103925138789576
529,65.10510000009407,70.23539999976903,3.5,0.073,1.375,2.7,4.5,6.1,8.668252196550434
530,30.083100000096856,30.90439999953061,18.9,0.288,3.85,12.4,39.4,156.1,10.9181051166361
531,68.5671000000354,36.01539999956414,5.7,0.091,1.675,1.7,5.9,15.7,11.979646984981953
532,17.670100000038182,16.78739999991059,12.6,0.182,4.675,5,54,152.9,7.101214518701355
533,84.6221000000866,61.59639999980256,3.2,0.109,0.55,1.8,0.5,0.8,8.546510376625573
534,44.63710000010058,26.05439999990314,5.3,0.144,1.6,2.5,5.7,6.4,9.528889830759825
535,29.260100000005586,70.70039999962002,5.5,0.151,1.475,3.1,5.9,13,9.35458364552839
536,28.56710000003539,37.973399999664714,3.2,0,1.2,1.6,3.5,6.2,8.735755339572322
537,45.615100000103375,28.76239999953806,12.2,0.127,2.75,7.7,19.1,50.4,10.270471277422253
538,52.3611000000298,25.480399999880788,12.7,0.584,4.475,6,53,170.4,11.019866471783049
539,82.09710000006332,36.24539999954552,11.7,0.168,2.675,4.6,18.5,43.5,10.66271667686702
540,47.6461000000624,29.86639999982119,18.5,0.08,4.125,7.8,48.5,221.4,9.738680461261142
541,59.932100000026075,33.350399999526886,3.5,0.062,0.975,1.4,2.6,5.4,11.942265181360014
542,70.54010000003353,79.91739999979883,2.8,0.073,1.6,2.4,5.7,8,7.018413977882148
543,17.26810000003632,47.63139999948591,13.5,0,5.8,4.9,86.9,321.2,8.95773242970191
544,54.01210000010058,24.94739999959394,9.3,0.117,2.625,7.6,17.3,47.9,10.885092288235118
545,65.72410000004191,41.656399999858436,3.2,0.091,1.0499999999999998,3.1,3,5.5,7.829440054612201
546,74.98410000005123,58.21439999958649,2.9,0.072,0.5,2.9,0.7,1.1,9.32738034306092
547,37.87710000009127,25.609399999605117,2.9,0,3.35,1.3,21,49.3,10.6650663218226
548,41.900100000019556,25.294399999660996,17.6,0.204,4.525,8.3,57.7,339.2,10.638322672257646
549,23.325100000066122,56.63939999986589,6.5,0.073,4.550000000000001,2.2,45.1,116.9,6.9826444650824815
550,40.789100000102444,27.316399999541787,4,0.063,1.35,1.3,5.7,10.4,9.99604817952624
551,77.25210000009127,46.341399999914316,12.6,0,1.95,2.3,11.9,40.2,13.150738158979047
552,56.03310000005029,65.89039999956414,5.6,0.042,1.05,1.8,3.3,9.1,12.327808708611323
553,73.94910000001863,63.96939999947473,4.1,0.085,1.775,3.6,6.4,9.5,9.495890663959695
554,30.197100000040045,23.03439999988452,16.4,0.143,12.05,9.7,374.6,2960.5,10.54029166493297
555,84.90810000005028,68.9653999997504,13.6,0,2.7750000000000004,9.4,19.4,64.3,9.898280229105469
556,56.24110000003446,21.999399999735502,11.1,0.147,7.35,7,150.1,612.4,10.664188220757303
557,57.43610000009965,78.20839999953434,3.1,0.072,0.475,3.1,0.6,1,13.485298037728825
558,26.275100000019556,25.273399999478457,5.5,0.112,3.15,2.6,24.8,50.5,8.661119651380346
559,78.0901000000801,39.876399999597666,8,0.214,1.95,2.6,9.1,12.9,9.959898903579102
560,29.62810000002235,27.353399999552963,15.1,0.108,2.5250000000000004,12,19.9,54.3,9.196922369046089
561,41.316100000104306,28.89439999975413,5.1,0.232,1.925,1.5,11.5,27.9,9.90697949557829
562,75.9991000000652,32.655399999694524,10.1,0,1.625,3,7.1,21.2,9.536960048583854
563,17.670100000038182,32.78439999988452,4.7,0.119,0.25,2.1,0.2,0.2,14.086168120718344
564,59.47210000006333,35.66739999979883,4.5,0,1.7999999999999998,1.8,6.3,8.8,10.825835103471343
565,50.37310000001769,42.503399999925485,2.9,0.052,1.2999999999999998,2.9,3.2,4.1,9.0174595025403
566,37.386100000053084,39.95439999981001,3.1,0.044,0.55,2.5,0.8,0.9,8.604581229171021
567,45.14709999999348,22.67139999952316,3.9,0.102,1.1,1.8,3.7,6,12.287607068114983
568,80.227100000068,37.892399999891964,9.9,0.141,2.375,5.9,14.1,31.2,11.675995529937824
569,26.400100000019556,7.413399999608844,18.2,0.181,5.550000000000001,6.6,80.3,380,8.832565834319212
570,29.87610000004377,25.867399999519435,5.7,0.084,2,3,8.9,10.6,8.66157386140876
571,47.75810000002701,25.247399999873338,22.1,0.126,4.375,2.2,48.9,196.6,11.602132532477713
572,61.010100000005586,57.6243999997355,2.9,0,0.5,2.9,0.7,0.9,7.810384659182994
573,60.25810000002701,32.69739999959394,3.5,0.106,1.025,1.9,2.4,3.8,12.207756489975129
574,75.05110000009034,53.67839999973923,12,0.107,2.7750000000000004,6.7,23.7,98.3,10.595327280988837
575,28.93510000005216,31.73639999946728,7.1,0,1.875,2.7,10,24.2,10.35831453936902
576,20.22010000008475,77.15639999985844,10.5,0,9.25,8.6,185.9,739.7,7.833775702380829
577,15.791100000081025,13.60539999988079,8.3,0.163,17.075000000000003,10.3,729.6,3130.3,8.232221741243473
578,23.771100000062397,81.4983999995716,13.1,0,2.925,5,23.5,94.7,9.676926846521171
579,29.551100000090337,51.79139999963492,7.7,0.119,3.05,2.5,23.5,53.4,9.327405137100271
580,21.86310000000838,24.01939999975413,8,0,0.975,7.6,1.8,2.2,10.58479037745392
581,24.527099999998136,6.49239999951944,14.1,0.685,8.6,8.5,225.2,1551.7,8.443145206924566
582,29.67409999999534,79.33239999983607,13.5,0,3.6,4.2,34.1,138.9,8.413888302078266
583,49.05010000004284,33.60339999955296,4.3,0.094,2.075,2.2,11,23.4,9.36567095466313
584,64.45610000000187,40.08139999967217,3.3,0,1.75,2.8,6.9,10.4,8.470354756063754
585,82.00210000009129,47.436399999653545,9.2,0.086,3.75,3.9,39.7,123.8,11.94370985423885
586,53.87210000008661,71.75439999962374,4,0.109,1.025,3.2,2.6,4.2,12.637893583177686
587,84.3480999999944,34.789399999772755,11.5,0.155,9.475,2,193.3,767.2,10.701348765925404
588,61.41110000007637,39.630399999787656,18.4,0.387,4.550000000000001,7.3,65.8,357.5,9.607419408348497
589,44.19609999999255,80.36139999946728,1.8,0.051,0.15,1.8,0.1,0.1,13.721955841596378
590,50.30010000004284,24.65939999988452,13.1,0,11.4,3.1,293.6,2099.1,10.763676567930744
591,34.809100000004655,53.052399999575314,15.9,0.184,5.1,7.7,73.2,320.5,9.74446592902943
592,26.59410000003725,32.35739999974296,10.3,0.069,2.875,5.6,21.2,58.5,9.47643989393976
593,60.41010000002887,56.440399999843535,4.5,0.057,0.825,4.4,2,3.5,11.10247063625819
594,38.62810000002235,62.975399999526886,3.9,0.096,0.875,1.6,2.2,3.8,9.288354079889857
595,77.1231000000177,41.540399999471006,7.9,0.088,1.15,2.8,2.5,4.6,9.7206268099047
596,46.326099999997204,42.530399999694524,4.8,0.176,1.625,3.9,7.7,13.6,10.379334468677149
597,62.3621000000773,71.7383999997951,3.4,0.113,1.45,3.5,6.1,12.1,8.8840926878689
598,73.24310000001304,40.45039999962002,11.5,0.073,2.475,6.3,14.7,31.4,10.124901126585714
599,65.68710000003074,76.95839999953434,3.6,0.072,0.8500000000000001,1.8,2.1,3.1,9.224030267972374
600,65.6581000000503,24.32239999959394,12.6,0.157,12.025,8.3,358.7,2617.2,11.520416559408543
601,75.58810000010152,41.309399999791374,14.8,0,2.325,6,14.2,44.9,10.03043632089742
602,57.195100000061466,63.09739999950081,5.3,0.037,1.55,2.8,6.3,14.8,11.297211980688717
603,68.11310000000839,76.05039999971316,3.8,0.038,0.675,3.7,1.3,1.7,10.41322898615016
604,68.67610000009034,52.33439999969825,3.6,0.019,0.975,3.9,2.2,4.2,12.776854587614425
605,55.434100000004655,67.31439999967962,3,0.072,0.425,3,0.6,1,15.701968832425177
606,58.164100000102444,68.54939999954924,7.8,0.064,1.15,2.5,4,13.4,12.293580694942063
607,72.95210000004471,58.781399999858436,9.7,0.091,1.875,2.4,8.7,25.1,10.80609553209266
608,67.67110000008569,41.530399999694524,7.4,0,0.575,7.9,0.7,0.7,10.806552076083078
609,51.34910000004191,73.28039999969452,7.8,0.091,1.175,1.8,4,8.9,12.81128938730444
610,31.50310000002235,23.681399999765304,16.5,0.168,7.875,7.8,128.4,1059.6,10.779008229483786
611,39.22110000001583,80.26939999975411,5,0.132,0.75,2.3,1.6,2.1,14.913963302189137
612,56.852100000067985,77.80139999987708,2.1,0,0.25,2.1,0.2,0.3,9.31158407492224
613,55.0201000000149,64.18939999967962,2.4,0.041,0.875,2.4,1.6,2.1,9.08823024143051
614,56.649100000088474,28.36139999946728,7.5,0.116,1.5,2.3,5.2,10.7,13.063887158371127
615,67.45510000007079,62.95939999969825,13.6,0.225,3.525,6.3,26.1,78.4,11.5199102034159
616,60.085100000075435,62.20639999967217,2.8,0.096,0.35,1.1,0.3,0.5,13.02672876667924
617,51.76810000003632,75.95139999978392,5.6,0.096,1.15,2.4,3.4,8.3,12.825966147942143
618,56.102100000067985,30.225399999526886,3.4,0.071,0.55,3.7,0.9,1.3,9.05829165882388
619,53.30610000009499,70.65939999988451,6.3,0.17,1.325,2.8,4.3,12.1,12.915535824773151
621,59.136100000053084,27.35739999974296,7.4,0.159,3.025,2.6,23,81.8,10.491474479431949
622,60.22410000004191,53.957399999836085,4.6,0,1.025,4,2.5,5,10.3360148978169
623,52.84510000008475,72.02339999947846,12.4,0.074,1.425,2.9,6.8,25.5,13.695203387883836
624,39.44210000003539,74.24039999965727,7.8,0.077,2.65,2.6,19.8,62,13.814792012165404
625,36.183100000073566,29.634399999511984,10.9,0.097,1.85,5.6,8.4,14.9,11.879297236027528
626,45.710100000075435,61.500399999899415,9.7,0.084,0.8,3.3,1.9,7.3,15.478464174423673
627,61.87710000009127,26.62739999976158,19.2,0.077,2.95,3,24.5,92.6,11.098544845638129
628,60.96110000000652,26.133399999813733,8.5,0.075,1.475,3.6,6.4,12.6,9.642426210655826
629,42.790100000033526,69.12139999970942,12.2,0.104,2.175,4.4,12.2,30.5,12.320152740247098
630,73.88610000005309,68.69039999984354,3.4,0.089,1.25,3.4,4.7,8.1,8.9673588943511
631,73.48810000000839,44.29139999963492,2.5,0.062,0.625,2.5,1.1,1.4,15.02730668818385
632,46.98410000005122,70.56639999954179,9.9,0.095,1.075,4.3,3,8.7,14.010681956813508
633,44.98310000000372,68.044399999661,15.6,0.17,3.075,9.6,24.9,107.8,13.655661756241988
634,60.78210000000279,23.92039999982491,9.7,0.09,1.75,3.7,7.8,21.2,11.52381128982936
635,29.86710000008196,25.239399999493358,15.5,0.204,2.925,8.9,20.3,62,9.81164418953686
636,57.24110000003446,57.89039999956414,3.3,0.029,0.5,1.3,0.8,1.2,12.868660495049134
637,47.8041,79.298399999851,6.9,0.072,1.15,2.6,3.6,11.7,14.306556237578992
638,24.055100000047496,10.970399999638646,9.3,0.121,3.775,2.4,36.6,99.7,7.747586979143215
639,56.14410000008382,67.71739999961257,3.9,0.071,0.625,1.6,1.1,2.3,15.561605285389188
640,46.1791,44.80439999990314,3,0.069,0.65,2.9,1.1,1.3,8.758865351276988
641,63.12210000008661,78.64939999964236,12,0.15,3.0250000000000004,3.6,24.9,95.9,11.404030986099103
642,58.03710000000745,69.07239999959394,3.6,0.062,0.925,1.8,2.1,3.7,12.596179580376388
643,45.3271000000447,61.233399999906865,10.5,0.094,0.875,3.4,2.1,7.6,15.413385004068749
644,76.83010000007079,44.73039999988079,4.9,0.049,1.125,2.7,3.4,4.7,10.947434075581864
645,52.6681000000596,66.80039999971315,5.1,0.064,1.4,2.2,5,11.6,12.495023421650888
646,70.40110000006706,57.436399999653545,4.4,0.05,1.925,1.1,8.9,16.1,12.995309579659606
647,47.56110000009965,67.63839999970197,16.6,0.174,2,9.9,13.5,47.6,12.71286671308311
648,38.87210000008661,66.67639999987706,15.4,0.158,3.025,8.1,24.3,112.3,10.95672687171775
649,83.50009999999628,46.77439999964237,17.2,0.327,3.85,8.3,37.1,161.8,12.019832783116936
650,24.979100000046564,51.013399999701974,11.1,0,4,8.3,43,134.3,8.18294049461612
651,55.03710000000745,75.29639999952316,5.7,0.141,1.15,2.3,3.8,10.2,12.454888099267944
652,45.67110000008568,65.73039999988079,5,0.072,0.825,2.1,2,4.1,14.262650259641434
653,72.67010000003819,37.934399999791374,14.6,0.13,4.05,7.9,43.8,100.1,10.813581215190158
654,46.62310000001769,35.087399999724326,14,0.051,2.75,4.2,19.6,64.8,9.226018236932608
655,69.96210000005402,88.20139999978392,5.2,0.068,5.275,2.8,81.2,249.4,9.99653593359838
656,59.98310000000372,52.328399999646095,12.3,0.076,1.475,2.8,6.7,21.5,11.7658286817337
657,54.26610000005774,66.73339999990687,4.4,0.199,0.975,1.7,2.5,4.7,10.09081392041122
658,45.934100000004655,66.38339999981373,4.4,0.063,0.8,1.4,1.6,3.1,14.02934964889224
659,59.742100000081955,39.67039999982491,18.8,0.286,4.85,10.4,59.3,247.2,9.502065930097686
660,49.850100000089405,74.51539999956414,15.2,0.175,2.1500000000000004,10.5,14.8,51.3,13.58448673415234
661,51.86610000003446,73.85439999971688,4.5,0.044,0.825,2.1,1.7,3.2,11.926327763052312
662,64.76310000003167,62.30139999987706,7.7,0.159,2.25,2.7,13.8,44.7,10.303293529039786
663,56.32310000008754,60.80539999960139,5.5,0.055,1.3,1.6,4.4,10.2,11.06835785145681
664,15.95510000007078,37.84439999947473,10.1,0,6.324999999999999,3.3,84.2,261.4,8.001542677263254
665,45.7141000000326,85.53939999977275,4.4,0.064,2.375,1.7,16.3,48.3,9.171300628
666,43.49810000001769,46.06239999981746,9.1,0.128,2.075,5.5,10.8,27.2,9.80034002449264
667,61.777099999998136,65.75039999989941,3.8,0.138,0.675,3.8,1.3,2.2,12.410547274110046
668,51.434100000004655,76.52539999980628,4.7,0,0.825,5,1.9,3.1,12.346891733963844
669,35.0211000000624,37.70439999981001,11.1,0.1,1.3250000000000002,6.8,4.6,9.9,13.078082374241466
670,44.77910000009313,67.14339999959022,7.2,0.059,0.95,2,2.8,6.1,15.256369410919204
671,53.303100000068916,72.54339999949708,4.4,0.064,0.575,2.6,1,1.7,13.430319768038036
672,45.307100000026075,60.76539999956414,5.9,0.069,0.625,2.6,1,2.5,14.730803108910203
673,76.66010000002888,67.79139999963492,7.5,0.366,2.925,2.2,25.6,88.1,9.306606542190536
674,33.63810000003167,48.50239999976158,11.7,0.153,2.55,7.4,18.2,49.5,10.075415177549756
675,66.55010000004285,82.82439999992175,1.7,0.1,0.5,1.6,0.5,0.5,6.07532092075489
676,43.795100000038175,22.643399999590216,14.7,0.197,4.775,3.4,62.2,324.2,12.185301514210982
677,51.89210000010524,59.91639999963492,5.4,0.051,1.725,2.6,7,14.1,11.519685217647083
678,54.37610000004377,80.91139999974668,4.8,0.051,0.875,2.2,2.1,4.9,15.432644809355716
679,35.03410000009779,29.52839999983236,17.8,0.131,5.225,9,72.4,330.4,11.04913578761274
680,44.990100000103375,62.24839999957159,2.7,0.075,0.8,2.7,1.9,2.4,15.275666124062608
681,35.59010000008009,62.75339999992549,4.4,0.047,2.025,2.1,10.5,28.8,10.798956697240982
682,35.54110000008103,30.260399999675897,10,0.058,1.5499999999999998,5.2,6.4,18.8,12.068492752896969
683,55.01510000001024,66.7493999997355,6.9,0.117,1.475,2.8,5.1,10.3,12.316698354207055
684,45.045100000038175,67.47939999971688,9.9,0.108,1.025,3.7,2.6,7.3,16.208746610624452
685,40.31910000001397,81.4544,4.5,0.142,2.5250000000000004,2,14.2,37.5,11.496734932887437
686,22.194100000013968,40.63239999964982,14.6,0.238,2.675,3.9,19.3,73.2,11.710680660323884
687,54.46510000008009,89.66139999974668,7.1,0,1.775,2.9,8.5,17.7,8.698787528139677
688,30.65610000007171,85.51739999989196,7.4,0.116,2.1500000000000004,3.9,8.8,22.7,8.086864124588026
689,71.20510000007079,67.13839999970197,4.2,0.1,1.875,1.5,10.1,27.7,11.973490993197805
690,58.566100000104306,59.76439999986589,18.2,0.156,2.85,8.6,23.2,79.8,12.276412279834686
691,54.51610000005774,44.95539999950826,2.8,0.037,0.75,1.6,1.4,2.3,10.610547082189743
692,38.680100000047496,43.41139999974668,5.4,0.067,1.9,1.8,10.5,33.6,9.04198724983831
693,54.53710000000745,49.44539999973178,4.2,0.059,0.95,1.5,2.5,6.5,10.517613414669366
694,44.76310000003167,61.59639999980256,3.1,0.118,0.45,1,0.5,0.8,17.827461494585165
695,52.01710000010524,80.91439999977275,4.8,0.19,2.2,2,11.9,27.9,13.472897151422403
696,53.29610000008568,78.4913999998212,6.3,0,1.925,2.5,9.7,32.7,11.98583812632071
697,41.50210000009127,84.25739999964982,6.5,0.096,5.55,2.5,72.3,278,12.351266491486854
698,52.475100000089405,86.62239999987334,9.3,0.13,3.425,3.2,27.7,107,8.67834257098953
699,60.509100000074504,87.1583999997206,14.1,0.295,5.975,4.8,105.9,642.4,9.539423780445825
700,76.9531000000922,35.7603999996759,12.3,0.243,2.925,5.8,25.5,62.7,11.242691289570436
701,57.14010000001024,78.44739999959394,7.1,0.065,1.225,2.9,3.8,9.3,11.661408673851447
702,64.00310000002236,84.91439999977275,3.3,0.208,1.05,1.5,2.9,4.5,8.234965935781089
703,44.15910000009779,44.68339999962747,8.8,0.094,2.15,2.7,11.8,31.7,10.000033222159116
704,45.81710000003539,54.10239999985471,4.7,0.179,1.5,2.2,5.9,12.3,9.506239642999248
705,55.09410000003725,80.94539999973178,1.8,0,0.35,1.7,0.3,0.3,19.396330952978687
706,65.94710000004005,83.3183999998696,4,0.247,2.1500000000000004,2.2,11.1,25.2,8.234784650716428
707,67.85510000009407,83.60739999974295,6.4,0,3.175,3.7,23.2,77.9,8.071279702989322
708,45.18910000000931,83.11739999951944,5.2,0.116,1.9,3.1,10.3,32.7,12.221137885480845
709,51.085100000075435,81.65039999980628,7.4,0.112,2.1,2.2,12.3,45.2,14.346866094539848
710,41.966100000011174,84.06439999967964,7.6,0.071,4.275,3.2,52.2,138.7,12.230710542387316
711,67.51310000003167,43.436399999653545,13.7,0.18,3.8,6.4,38.1,149.2,10.577070601363134
712,47.14810000004098,84.6363999998398,4.2,0.092,1.4,1.8,5.4,13.4,10.052887063090548
713,40.31310000007823,80.48439999960512,4.1,0,1.025,3.8,3.1,8,9.192646316576411
714,35.27410000008848,38.225399999526886,9.2,0.127,1.5499999999999998,4.4,5.8,13.3,13.00478170101064
715,23.237100000077298,85.30239999957531,9.2,0.186,10.65,2.3,300.1,1284.2,7.808940961385284
716,42.85510000009406,85.92639999987708,6.8,0,1.85,4,8.7,19.3,8.579269648704024
717,62.62710000009127,86.30039999971316,6.3,0.078,2.225,2.3,13.7,42,9.78994869040614
718,61.37410000006519,87.29639999952316,5.2,0.071,2.75,2.8,19,50,10.657389476840285
719,41.97809999999907,86.76439999986587,5.6,0.088,6.175000000000001,3.3,97.9,383.2,11.834040021668953
720,41.08210000004936,82.27239999978019,13.5,0.207,3.5,6.7,34.5,168.5,11.60585465461134
721,42.97110000001583,64.81539999984354,8.4,0.164,1.7,1.7,6.5,16.9,12.265863584680693
722,54.555100000047496,82.23539999976904,16,0.19,3.875,6.5,39.4,182.2,13.037850594154426
723,55.36010000009872,81.57539999962002,5.3,0.056,1.125,2.5,3.5,7.2,16.137405466096915
724,54.79810000006426,90.64639999961629,12.9,0.185,19.725,5.1,891.8,4177.7,12.265215767010108
725,56.92610000009034,82.08639999956041,4.9,0,1.175,4.9,3.1,4.8,10.839460835351888
726,51.49310000001304,82.90339999983236,7.6,0.12,2.2750000000000004,2.3,14.9,55.4,13.07621305252994
727,54.42610000009034,81.38339999981373,4.2,0.044,1.45,1.7,4.9,8.4,14.695109704602636
728,88.08210000004937,66.38339999981373,6,0.141,1.925,2.8,10.3,21.8,9.868017705572887
729,54.66210000000745,80.5903999997504,5.5,0.045,1.15,2.1,3.7,8.5,15.087557432538429
730,68.95510000007079,82.52339999947846,8.6,0.096,8.625,2.2,174.5,764.9,10.64976177152862
731,61.964100000032595,55.86839999968335,8.4,0.158,1.275,1.6,4.5,12.4,12.927017510788197
732,43.324100000018625,81.41639999963492,9.6,0.104,2.775,3,19.4,53,13.227056422928
733,44.17210000001677,80.48239999974295,5.2,0.082,1.75,2,6.7,21.2,14.10809169188038
734,30.615100000103375,84.9913999998212,12.7,0.098,4.35,3.1,48.8,219.8,7.130645643188675
735,86.51610000005775,63.07039999973178,7.5,0.125,0.925,5.2,2.2,3.9,6.767802819738376
736,29.678100000068916,84.50039999989941,5.1,0.065,0.7,2.8,0.8,0.8,6.715425846081028
737,50.36010000009872,85.28939999977275,7.3,0.044,2.725,2.8,23.7,73.5,10.40949847457038
738,90.85910000005123,59.24439999984726,8.2,0.187,1.475,6.2,5.7,11.6,6.597642676660269
739,85.09710000006332,66.11839999968335,5.4,0.14,1.225,1.5,2.8,5.2,11.640034828119108
740,39.17510000004284,80.32239999959394,1.2,0,0.2,1.5,0.1,0.1,8.32784009824092
741,55.43110000009499,90.56339999951572,12,0.128,11.2,6.9,321.2,2157.3,12.540730266398032
742,58.14210000010524,90.16339999960884,6.8,0.065,3.5,3,24.3,53.7,9.78769266338418
743,28.78310000005029,88.75239999976158,9.9,0,9.5,4.1,247.2,1211.1,7.573921453669781
744,95.60810000000373,62.21439999958649,11.5,0,4.35,7.7,49.1,150.4,7.66830017428113
745,87.98210000007265,60.315399999843535,6.2,0.078,1.1,2.8,2.1,2.6,8.60153949201264
746,56.81010000005215,81.4433999998696,6.6,0.084,2.05,3.8,11.5,32.9,13.676539251653596
747,86.73010000009407,68.08539999986216,8.5,0.251,9.6,3,244.1,1501.5,9.000977336326757
748,89.30310000006892,49.74539999954551,10.4,0,3.45,3.1,28,117,10.666709133838324
749,91.7151000000801,64.7603999996759,9,0.11,2.6,6.4,16.5,36.9,6.857790403709219
750,55.75510000000093,80.68239999946356,9.4,0.08,1.875,3,8.3,26.7,13.739020075441347
751,43.62710000009127,82.2413999998212,12.5,0.079,2.4,2.6,16.1,48.5,13.19686313007141
752,93.2481000000177,67.30539999960139,7.5,0.174,7.425,2.6,142.2,538.5,8.048273078875331
753,42.30010000004284,82.92239999968707,3,0.09,0.675,3.1,1.2,1.9,11.56381062544623
754,86.82609999999721,58.21739999961257,9.1,0.181,1.675,5.3,7.1,11.5,9.370924851381496
755,84.7471000000866,62.04339999949708,8,0,0.3,4.2,0.3,0.5,7.6489822000972705
756,86.06110000009964,39.09439999947473,7,0,1.725,2.2,8.5,28.8,9.09215836586671
757,86.05010000004285,47.147399999780205,9,0.11,2.4,4.5,14.7,51.3,10.81859375852529
758,92.40209999999814,63.746399999709425,6,0,0.25,3.2,0.1,0.1,
759,85.5551000000475,61.38239999964982,10,0,0.475,4.1,0.7,0.7,6.288967412152102
760,27.989100000055878,82.66839999949708,11.9,0,3.1500000000000004,6.3,24.3,49.9,8.131656002588457
761,89.82310000008755,39.13639999983981,7.4,0.228,10.7,2.4,325.1,1526.1,11.325355564749502
762,89.18710000003072,58.073399999757854,6.8,0.143,1.475,4.7,5.6,9.3,7.209673534228585
763,49.451099999997204,83.3553999998808,4.4,0.094,2,2,10.9,34.6,12.22635084456413
764,87.91410000010245,35.42039999982491,6.9,0.248,5.7,2.7,89.7,256.4,10.506756143242391
766,85.18310000007357,62.371399999709425,11.5,0,1.0750000000000002,5,3.5,3.8,9.274431297211573
767,88.65209999999814,54.134399999511984,12.2,0.274,4.375,2.2,56.9,235.2,9.728400691295375
768,85.93510000005216,40.574399999921766,6,0,0.925,2.7,2.8,4.6,9.584121547442082
769,88.6121000000773,40.7493999997355,4.5,0.177,0.95,2.3,1.8,1.6,11.163304116615862
770,85.01410000007917,67.9533999996461,9,0.149,2.375,1.7,14.5,37.9,10.484642298894334
771,92.62910000006984,59.746399999709425,5.8,0.226,0.525,2.3,0.3,0.3,6.068410005924122
772,85.61110000002981,56.55439999990314,6.1,0.125,0.8,1.6,1.6,2.6,8.498775589497908
773,90.33610000000652,63.604399999716875,9.8,0,1.325,3.8,4.1,4.5,6.094766711883543
774,87.35910000005123,44.65039999980628,10.4,0,2.125,4.7,13,32.7,10.4481202725683
776,88.32710000004471,61.01539999956414,7.3,0.086,1.575,3.8,5.4,13.3,7.906878878891789
780,90.5321000000028,49.91739999979883,17.3,0.24,18.675,6.5,729.6,8069.6,10.99053678172415
782,85.01410000007917,48.99339999968335,13.9,0.113,5.225,9.7,58.9,254.1,11.48890886016246
783,87.40910000009781,47.79739999968708,6.1,0.139,1.2,2.6,3.6,6.8,11.49017747300926
784,91.42010000003819,51.707399999836085,8.1,0.119,5.25,3.7,59.3,226.1,10.261012018386054
786,89.93610000009964,44.28239999955669,9.1,0,2.375,3.8,16,54.7,9.629400300867808
790,85.33810000010152,51.9653999997504,17.6,0.244,4.5,11.3,58.3,192.3,9.980843632746254
793,91.73810000000839,49.401399999504534,11.1,0.096,1.35,5.2,5.5,9,9.072907794318134
